{"train_losses": [0.0038383961408342943, 0.00022897178716382505, 0.00022656345772921634, 0.00023221732033080006, 0.00024259664053069316, 0.0002198725103552128, 0.0002211087228343205, 0.00020123472213198106, 0.00017423150099811133, 0.00017667696807752308, 0.0001722067774235585, 0.0001707050206135476, 0.00020997998566248913, 0.00014449925500624645, 0.0001475160544722745, 0.00013783396975942383, 0.0001255526846093799, 0.0001250043292761309, 0.00011960520487592881, 0.00011973438661051802, 0.00011301517903142754, 0.000115118049844645, 0.0001078102167948929, 0.00011125771998194977, 0.00010253188621248568, 9.531959819786968e-05, 0.00010251377786177278, 9.052764007391082e-05, 9.027372136451191e-05, 8.571163570776256e-05, 8.376017324198655e-05, 8.443249611314442e-05, 8.521208955824981e-05, 7.941080583399723e-05, 8.04547597503385e-05, 7.683673667713034e-05, 7.348878371195464e-05, 7.741011916561591e-05, 6.818535655466223e-05, 6.738252039607446e-05, 6.50517789419763e-05, 6.563283578620337e-05, 6.569089426368711e-05, 6.55659656506733e-05, 6.195949430855171e-05, 5.7811429991466775e-05, 5.669284351408504e-05, 5.439467234074149e-05, 5.379838370002739e-05, 5.528400981720223e-05], "test_losses": [0.0002575341606223866, 0.00022764257356846848, 0.0002365398350565766, 0.000314698640487712, 0.00024361194132674986, 0.0002252463526439477, 0.00022270322537783964, 0.0003347858031562422, 0.000175233741174452, 0.0001649204363834892, 0.00018451137867277095, 0.0002881218905923351, 0.00014788744773306043, 0.00014023169359671345, 0.00014183526001523624, 0.00011988586028075169, 0.00012575280057857386, 0.0001214038286959224, 0.00011178873536174741, 0.0001477729466177362, 0.00016345828141941008, 0.0001401567619373404, 0.00011136783541587647, 0.00011064567801300794, 0.00010045445882357084, 0.0001816055758424157, 9.30262533354555e-05, 0.00010865923160543808, 0.00011085403646295442, 0.00010172563242332007, 9.083072277112828e-05, 0.00010371166438115045, 8.268662587887285e-05, 8.186144819214511e-05, 7.634619273980767e-05, 8.113405304426963e-05, 8.177900942358134e-05, 7.096335100588755e-05, 6.841798113572832e-05, 7.923870851720075e-05, 6.45943440269128e-05, 6.76706896368929e-05, 6.49447453305094e-05, 6.098225314697349e-05, 7.478398048568543e-05, 8.114249123117098e-05, 6.009110032979291e-05, 6.194034456432116e-05, 5.535805904890787e-05, 5.876448781586637e-05], "accuracy": 59.02, "precision": 58.62, "recall": 97.14, "f1_score": 73.12, "f2_score": 85.86}