{"avg_train_loss": [0.007275024503768687, 0.0016336940156939216, 0.0012857119688375227, 0.0010624078715811055, 0.0008377987568371417, 0.0007113613944031283, 0.0006639652424978174, 0.0006285058481040894, 0.0005578704922643293, 0.0005077097340988138, 0.00047895520641262753, 0.0004383309262390455, 0.0003937626278460826, 0.0003666531515375984, 0.00033813735980252514, 0.0003237074938014591, 0.00030966178195206937, 0.00030076358493989763, 0.00028853816047813894, 0.0002735223640298777, 0.00026030785546275265, 0.0002501859099323203, 0.00024193386788279878, 0.00022976788797137142, 0.00022471774827425247, 0.00021596265817435095, 0.00021146339420219848, 0.00020523575358639796, 0.00020457132408314993, 0.00019640624787902505, 0.00018996874620996783, 0.00018378671641011788, 0.00018292188200955635, 0.00017400578980008704, 0.00017111698722132074, 0.0001640360979431114, 0.0001639496742062323, 0.00015714543982152732, 0.00015639763706607788, 0.000152823126203489, 0.00015024324903829418, 0.00014534682286978067, 0.00014527549492157846, 0.0001397812078217415, 0.0001378772289508086, 0.0001355955692863253, 0.00013425200355326173, 0.0001322407480275509, 0.00013060271298726947, 0.00012616515184152335], "avg_test_loss": [0.0018490751382882874, 0.001400879378287265, 0.0012794475741639661, 0.0010137253434200268, 0.0007588678421691442, 0.0007433357655267733, 0.0006590104003874167, 0.0006764455198814782, 0.0005770866491030365, 0.0005920011207285241, 0.0005065633308848379, 0.00043372743908921856, 0.00041157110582646105, 0.0003826666709359509, 0.0003326856929048424, 0.00032444233026277897, 0.0003187745632879878, 0.00033017747209202917, 0.00029489900650029693, 0.00028250512845354533, 0.00031501973073598213, 0.00028217450259641436, 0.00023522389001766732, 0.00028085830989510165, 0.00025356564154394734, 0.0002502007572240053, 0.00022903534838219345, 0.00022466596335736822, 0.00022674793683855128, 0.00022405847355399505, 0.0002258572942362382, 0.00023015649504743167, 0.00019453559122130406, 0.00020720602123429463, 0.00019730163801749508, 0.00023428028791199604, 0.00017917919733288445, 0.00018874360172888442, 0.00018027932030515958, 0.00018172175110428213, 0.00017455625383706484, 0.00016553178899742375, 0.00016587351138952773, 0.00017581258823786184, 0.0001812652258778167, 0.00016786886599453655, 0.00015571580826919017, 0.00016563943124007588, 0.00015101994890406227, 0.00014966506625149542], "avg_accuracy": 59.01666666666667, "avg_precision": 60.06999999999999, "avg_recall": 84.76333333333334, "avg_f1_score": 70.26333333333334, "avg_f2_score": 78.28000000000002}