{"train_losses": [0.0026389142060764584, 0.0002275401037691318, 0.00023069133352998823, 0.00022619275810303592, 0.00022921381154972835, 0.00019044815431172252, 0.00017153547485204728, 0.00017062439260645264, 0.00018095610667151927, 0.00014523863133200141, 0.00021138708573536027, 0.0001671397706833163, 0.0001367151350272449, 0.00013400153735588046, 0.00013488992681889514, 0.00012133194900507736, 0.00013069795801918618, 9.77770977826082e-05, 9.736981919997495e-05, 0.00010118379847760907, 9.28098116180837e-05, 9.374665873965349e-05, 9.911663892345099e-05, 8.873468833338716e-05, 9.267522997457073e-05, 8.772037569531632e-05, 9.176026533059047e-05, 8.667805776489528e-05, 8.472543285531272e-05, 8.0981933149223e-05, 7.439382433546258e-05, 8.142793174841474e-05, 7.218196164081658e-05, 7.183786181989687e-05, 7.046724434525437e-05, 7.07306757293002e-05, 7.053189831175729e-05, 6.845435250342924e-05, 6.624234805910298e-05, 6.41521281988433e-05, 5.977239803563949e-05, 6.0301339343198605e-05, 5.863166942102666e-05, 5.541333396770397e-05, 5.206645979035466e-05, 5.351599343650531e-05, 5.1908563787092354e-05, 4.960707016604818e-05, 4.9434629120269275e-05, 4.929455296285114e-05], "test_losses": [0.0002540667631435029, 0.00022524793264612806, 0.00023552140303833695, 0.0002247629521522098, 0.00020939246160896102, 0.00016924341973488202, 0.00016196376922240373, 0.0001658342105376785, 0.0001464521368549098, 0.00014601060921939698, 0.0005273388454112976, 0.00014362453244897412, 0.00014186977806765263, 0.00013555354780692142, 0.00013242206561979122, 0.00013196324744058074, 0.0001072585523266193, 0.00010240416948083573, 0.00012811814170932988, 9.333610544742372e-05, 9.791400372285771e-05, 0.00020103808184593127, 0.00014043180502854878, 0.00010828771155502182, 9.100280021812068e-05, 9.083518398256274e-05, 9.055722638060196e-05, 8.457120209361444e-05, 0.00011791446754964105, 7.731764970650637e-05, 0.000122723263442682, 6.945424057938418e-05, 9.260346499873916e-05, 7.581447849028897e-05, 7.845783941845114e-05, 7.319133335561043e-05, 6.771270024658476e-05, 0.00014386185004975862, 6.500200033070332e-05, 6.373686437655124e-05, 5.9781102943536375e-05, 9.604692177862699e-05, 5.705287881378004e-05, 8.03083159133586e-05, 5.6443822464084056e-05, 8.876328586036555e-05, 7.321295466821399e-05, 0.00011623111102100945, 5.5041114347449577e-05, 5.053447813015037e-05], "accuracy": 60.66, "precision": 60.0, "recall": 94.29, "f1_score": 73.33, "f2_score": 84.62}