{"train_losses": [0.009477490215865244, 0.001558626333184271, 0.0011780266535008348, 0.0010524621490018823, 0.0008121015957741807, 0.0007104033580420157, 0.000636784660599071, 0.0006157054445925113, 0.0005457347604664917, 0.0004942239326682974, 0.00046280930856669163, 0.0004305208963061492, 0.000390202021198235, 0.00037583323049706865, 0.0003649574319456132, 0.00034984805444479886, 0.00034187172068961817, 0.0003306783400181434, 0.00031936371734741717, 0.00029386792592115204, 0.00028148350689464796, 0.00026481481684871154, 0.0002533796035785632, 0.0002435237642290654, 0.0002346813346677269, 0.0002221878037327923, 0.00021826880868294288, 0.00020953041434018728, 0.0002047320557491719, 0.00019828118124404497, 0.00018911364485498474, 0.0001814250747150046, 0.00017538711446875998, 0.00016857713888012186, 0.00016642853502655424, 0.00016349384700388547, 0.00015945824452939566, 0.00015496412531966456, 0.00015489741586883698, 0.00015214091217347298, 0.00014819903961938233, 0.00014579794266196642, 0.00014321430107993804, 0.00013848438198714664, 0.00013598252613103039, 0.0001335055629564281, 0.0001316818768082815, 0.00013394116396673518, 0.00012903075326158362, 0.0001237282840323253], "test_losses": [0.0017125944040554503, 0.001373905864266607, 0.0011350234926794656, 0.0012526778849020887, 0.000798555871789666, 0.0006602393572953028, 0.0006652768598332142, 0.0006277552960315146, 0.0005197317880699232, 0.0005338288196631206, 0.00048232083589447517, 0.00042476703227014066, 0.00039383755406911054, 0.0004472471157966468, 0.0003555394452212987, 0.000370686524267792, 0.0003419118413428525, 0.0003473333610879938, 0.0003126297303354547, 0.00032158602754442167, 0.00028332767592823634, 0.00029215424603115447, 0.00025910815454083675, 0.00026174778898936126, 0.0002824448380964056, 0.00028001681130263023, 0.00022985533262097026, 0.0002450312620987041, 0.0002233856415002195, 0.00020773075462224928, 0.0002209382115464765, 0.00018866580705015131, 0.00019828051000121588, 0.00018460654078248458, 0.0001921814789686603, 0.0001805990559660131, 0.00017004777747878016, 0.00017163479060400277, 0.00017304967024336712, 0.00017556392776896246, 0.00019213869423905495, 0.00017102927785554828, 0.00016240691435926309, 0.0001644725321407, 0.0001637241538656571, 0.00017606971792142408, 0.0001740865332416993, 0.00017097535153600172, 0.0001443401094477919, 0.00014837817812244443], "accuracy": 60.66, "precision": 61.7, "recall": 82.86, "f1_score": 70.73, "f2_score": 77.54}