{"train_losses": [0.025416651088744403, 0.005112183870500829, 0.004442001119570201, 0.004004639789955803, 0.0037124406271445824, 0.003520626637590937, 0.0033956495298813265, 0.0033169131030339792, 0.0032713367839355065, 0.0032407494340406123, 0.0032206430335540367, 0.0032081525688654328, 0.003200145659362336, 0.003192637773814151, 0.003186215717816748, 0.003184587823182165, 0.0031804324054798805, 0.003175857943112412, 0.003173892389062837, 0.0031758315255304417, 0.003170765088646706, 0.0031678465924349177, 0.003166171501065234, 0.003163916388167495, 0.0031617863866758634, 0.003160474059474935, 0.003159844441092517, 0.0031575817777494707, 0.0031649674889238843, 0.0031561580295842813, 0.003155426532366728, 0.0031561898987695395, 0.0031580878853663262, 0.0031555669702006033, 0.003151651888143226, 0.003150532419333257, 0.0031508148748831577, 0.0031516760211797003, 0.0031508469213563277, 0.003147887527179646, 0.0031479864521513144, 0.0031477185572127264, 0.0031472276312759125, 0.0031472392610263035, 0.0031453068749642517, 0.003145645118419485, 0.00314647284706673, 0.003144334215132228, 0.0031470761365111335, 0.003146859551274992], "test_losses": [0.005605805029447835, 0.004724220171248397, 0.00419809362770488, 0.003847374589755558, 0.0036114701943006366, 0.003457139465563859, 0.003359291839073054, 0.003298778465250507, 0.00326167525893722, 0.003238303902505252, 0.003223459789296612, 0.0032130430671923724, 0.003205290897032962, 0.003199471592849407, 0.003194781515048817, 0.003191050262942624, 0.003187549421384644, 0.0031847812418933385, 0.0031820837466511875, 0.003179726811000504, 0.0031777088700507125, 0.0031758982356852638, 0.003174253403603171, 0.003173107117898046, 0.0031711440578174707, 0.0031701005287826634, 0.003168863848818896, 0.0031676150415128525, 0.003166352237503116, 0.003165494773733931, 0.003164500255549613, 0.003163585392310499, 0.003162602873859354, 0.003161792963510379, 0.003161047148751095, 0.0031605034086029404, 0.003159858467720019, 0.003159352499866285, 0.003158553234802989, 0.0031579476131950147, 0.003157397821688881, 0.003156827500788495, 0.003156437843035047, 0.0031561201366667566, 0.0031554583200396826, 0.003155224354346641, 0.003154904250270472, 0.003154571029321792, 0.003154007726922058, 0.0031534970979779386], "accuracy": 63.93, "precision": 70.97, "recall": 62.86, "f1_score": 66.67, "f2_score": 64.33}