{"train_losses": [0.0027626923064866765, 0.00023544834564153823, 0.0002289836881584095, 0.00023406149380481297, 0.0002332938441947798, 0.00023681378789408783, 0.00021706228414466268, 0.00022841185329240714, 0.00021815638237419617, 0.00020550556522261083, 0.00016460586432157174, 0.00014867270282954988, 0.0001518795325831757, 0.00013809731119334787, 0.00014165534323336645, 0.00014468836464851824, 0.0001382049126129777, 0.00012772495371671057, 0.00011681468869105026, 0.00011460657704183943, 0.00011571144858018933, 9.55869536636487e-05, 9.584148086225951e-05, 9.557083205261032e-05, 9.198559478629402e-05, 8.738947286605779e-05, 8.488304796278005e-05, 8.497637262110631e-05, 8.04703330872889e-05, 7.64043272524814e-05, 7.67627091820952e-05, 7.637323379826575e-05, 7.073456241436449e-05, 7.298051055972408e-05, 7.155302755782908e-05, 6.793919897775715e-05, 6.76144819835717e-05, 6.537738554032396e-05, 6.420497666113079e-05, 6.254546412481388e-05, 6.227831195630358e-05, 5.8617306663163834e-05, 5.775345514804764e-05, 5.854666789717333e-05, 5.5785386439858854e-05, 5.409064744241502e-05, 5.530324248745701e-05, 5.2071210201717465e-05, 4.812337564029562e-05, 4.924252178346043e-05], "test_losses": [0.00024692464467079844, 0.00024699430175062915, 0.00031000441735019337, 0.00027073355788441125, 0.0011967489610050018, 0.00021803532007862275, 0.0002511274406760304, 0.00021610373285231896, 0.0004533239164000126, 0.00016046715126531824, 0.00015634112500825163, 0.00014717581192459105, 0.00015399058457450548, 0.00018538557952314688, 0.00013793698809212612, 0.000134612939921051, 0.00012907894779345952, 0.0001247688014700543, 0.00017867658565452215, 0.0001336749832821974, 0.00010230396058502195, 9.785214884826788e-05, 9.850573566766868e-05, 9.951452571280803e-05, 9.004887963853365e-05, 0.00010233821110607375, 8.30635160757363e-05, 8.668686139292101e-05, 8.64572165692852e-05, 7.674725356292374e-05, 9.408565529156476e-05, 7.937528457310131e-05, 7.842045184028953e-05, 7.025802957426864e-05, 9.833524039165171e-05, 8.26348661855893e-05, 8.738717735048759e-05, 7.025805353595597e-05, 7.617880454255591e-05, 6.210777033070022e-05, 6.330402182077075e-05, 7.029800795302996e-05, 6.22115796361938e-05, 6.500108863222592e-05, 7.083198656451154e-05, 6.1024705491245884e-05, 6.1258928746191e-05, 5.3877054387367723e-05, 6.76695594498037e-05, 5.21395284942208e-05], "accuracy": 65.57, "precision": 64.58, "recall": 88.57, "f1_score": 74.7, "f2_score": 82.45}