{"train_losses": [0.007823821683470384, 0.0013566857619009105, 0.0010493480204885085, 0.0007537267006742937, 0.0006423133329336857, 0.0006331641568538609, 0.0006188423227636615, 0.0005844730440616966, 0.0004904214761231139, 0.0004242849702447518, 0.00039488038921964367, 0.0003503022081126089, 0.000309969910318088, 0.0002909326139369037, 0.0002644807424645938, 0.0002479514320653089, 0.0002396927634183968, 0.00022959641194257168, 0.00021652913545763277, 0.0002041805302724242, 0.00019330369751810667, 0.00019462191398432254, 0.00018717886978923063, 0.0001827020960767383, 0.00017931221487107183, 0.00017152019272872573, 0.00016510411423732, 0.00016182125898439953, 0.00015891935242934668, 0.00015449422102699236, 0.00015347879869142457, 0.00014677565188584736, 0.00014506439816526484, 0.00013825175379043872, 0.00014129570609586965, 0.00013029583195415156, 0.00013450123941250908, 0.0001242297648940325, 0.00012391941509341418, 0.0001233844340046733, 0.00012007572345228036, 0.00011810596468816343, 0.00011298207899959511, 0.00011290123646571133, 0.00011167690678252783, 0.000108032236058063, 0.00010742654830023803, 0.00010377190011646038, 0.00010359679907700608, 9.987956627920068e-05], "test_losses": [0.0015911284919219236, 0.001172664894301516, 0.0009412116543479407, 0.0006747143572563521, 0.0006499894885704494, 0.000667867841772162, 0.0006044201976552499, 0.0006127193219771681, 0.000465274613256602, 0.0004590733330517721, 0.0004582297425748458, 0.00035390604254923976, 0.0003707413667983089, 0.0003037523425658807, 0.0002773738464244301, 0.0002460504863567901, 0.0002322327715004436, 0.00024433647432977945, 0.00021433705338635124, 0.00020777089314203925, 0.0003217477622876266, 0.00022371438437683257, 0.00018057058500394656, 0.00019299446802716164, 0.00019752258203180434, 0.0002077022097812285, 0.00019770016437038206, 0.00016901969670121057, 0.00018040744795983372, 0.00020390492682054173, 0.00016484741116493332, 0.00018794204669785147, 0.00015011827263851257, 0.00019763842269290204, 0.0001523194445885915, 0.0002804402819702563, 0.00014409342922870285, 0.00014066551515357927, 0.00014120759568378652, 0.0001571581017812535, 0.0001348473728145249, 0.00013365064282529952, 0.00013775878813668477, 0.00018341475067875133, 0.00013737207721603155, 0.000131932116486356, 0.00011927765605763013, 0.00013477753754369376, 0.00012207303671647634, 0.00012079861069371243], "accuracy": 63.93, "precision": 62.26, "recall": 94.29, "f1_score": 75.0, "f2_score": 85.49}