{"train_losses": [0.02529252600598048, 0.004964128291481231, 0.004294623971456684, 0.0038794655061091285, 0.0036127001810145666, 0.00344330267195242, 0.0033403990229210223, 0.003284796350916107, 0.0032447188834558768, 0.0032200919166880558, 0.0032074729962476406, 0.0031993548447513077, 0.0031922476910368866, 0.003185261091419372, 0.003185097948950996, 0.0031785591426922613, 0.0031752781718071684, 0.003173079247956714, 0.0031699052916458214, 0.003167255434308605, 0.003171240753236126, 0.003165078195687159, 0.0031639958243727326, 0.003165684014289494, 0.0031591073273265938, 0.003160192568348833, 0.0031565455938633307, 0.0031554298711020546, 0.0031572197939841503, 0.0031560502721961724, 0.003164018339376493, 0.003154194501441825, 0.003153296938188464, 0.0031512789585324656, 0.0031517766410462467, 0.0031507146118365855, 0.003149713823818658, 0.0031492171012403735, 0.0031483329164919004, 0.0031477627619337966, 0.0031505747378455947, 0.003145694615970175, 0.003145757291174258, 0.003147166532026716, 0.003148098417883178, 0.003146725536761693, 0.003145072118278189, 0.003146470690437828, 0.0031441956646291605, 0.003144306377002812], "test_losses": [0.005453655446987026, 0.004576911375177308, 0.00406444569503387, 0.0037334792745801117, 0.0035228047927375883, 0.0033924385453037056, 0.003314097602224837, 0.0032677090717837787, 0.0032397493039472746, 0.003222480635696019, 0.0032114114460105505, 0.0032031405694746915, 0.0031971621703213225, 0.003192662355454209, 0.003188692980284731, 0.0031856090197554575, 0.003182869805291725, 0.003180534695275128, 0.003178439277689904, 0.0031767453295357814, 0.0031747899618214713, 0.0031739792298489753, 0.0031718907143490817, 0.0031707281976615866, 0.0031693076240257, 0.0031681019933715174, 0.0031670919046379053, 0.0031661420160582145, 0.003165114970985227, 0.003164103053187808, 0.0031632269428183255, 0.003162446987027159, 0.0031618508331191083, 0.0031608906731260223, 0.003160237641378234, 0.0031596864103518715, 0.0031593121082271235, 0.0031583217742781225, 0.0031577171802592394, 0.0031573462788051423, 0.003156772902002558, 0.003156411107808638, 0.0031560623767570807, 0.003155370162298473, 0.0031549773255112367, 0.00315468925355862, 0.0031540628182343566, 0.0031538153550802516, 0.0031533787259832025, 0.003153126232343941], "accuracy": 55.74, "precision": 58.7, "recall": 77.14, "f1_score": 66.67, "f2_score": 72.58}