{"avg_train_loss": [0.0030800008844658095, 0.00023065341219149834, 0.00022874615980587136, 0.00023082385741288297, 0.00023503476542506712, 0.0002157114841870077, 0.0002032354939436768, 0.00020009032267694692, 0.00019111466334794226, 0.00017580705487737843, 0.00018273324249349685, 0.00016217249804213792, 0.00016619155109096992, 0.00013886603451849158, 0.00014135377484151204, 0.0001346180944710065, 0.0001314851850805146, 0.00011683546025848322, 0.00011126323758898467, 0.00011184158737665551, 0.00010717881307656685, 0.0001014838874159824, 0.00010092277886020113, 9.852108012264909e-05, 9.573090365778347e-05, 9.014314891974793e-05, 9.305236371838109e-05, 8.739402348663748e-05, 8.515649576903784e-05, 8.103263203648899e-05, 7.830556891984811e-05, 8.07445538866083e-05, 7.604287120447697e-05, 7.474305940453939e-05, 7.415834388447397e-05, 7.183553712806257e-05, 7.054505466909455e-05, 7.041395240312303e-05, 6.621089375829867e-05, 6.46933709065772e-05, 6.236749631130646e-05, 6.151716059752195e-05, 6.0692006277587134e-05, 5.98419891718502e-05, 5.660378017958841e-05, 5.51393569567957e-05, 5.463488326287814e-05, 5.2024317569502374e-05, 5.045212948686409e-05, 5.12736948545046e-05], "avg_test_loss": [0.00025284185614556266, 0.0002332949359884086, 0.00026068855181503564, 0.0002700650501747777, 0.0005499177879802375, 0.00020417503081915082, 0.00021193147842542463, 0.0002389079155154132, 0.0002583365981431248, 0.00015713273228940147, 0.0002893971163641067, 0.00019297407832196678, 0.00014791593679173951, 0.00015372360697559392, 0.00013739810457571785, 0.00012882068254746115, 0.0001206967668995509, 0.00011619226654893748, 0.00013952782090853315, 0.00012492801178245244, 0.00012122541524242992, 0.00014634899754384652, 0.00011676845870403132, 0.0001061493050936126, 9.383537956007506e-05, 0.00012492632364368407, 8.888233193059794e-05, 9.330576503065783e-05, 0.00010507524019396021, 8.526351189758339e-05, 0.00010254654716845835, 8.418039651121198e-05, 8.457018090596718e-05, 7.59779854189009e-05, 8.437975751663685e-05, 7.898675086182311e-05, 7.895962900688457e-05, 9.502775153053405e-05, 6.986626200299585e-05, 6.836111440815074e-05, 6.255982293040665e-05, 7.800520645618328e-05, 6.140306792682775e-05, 6.876388589751934e-05, 6.735326317142701e-05, 7.697682752759413e-05, 6.485432791473264e-05, 7.734950332423278e-05, 5.935624428205372e-05, 5.3812831480079185e-05], "avg_accuracy": 61.75, "avg_precision": 61.06666666666666, "avg_recall": 93.33333333333333, "avg_f1_score": 73.71666666666665, "avg_f2_score": 84.31}