{"avg_train_loss": [0.025072075270610044, 0.005090695256965766, 0.004398466415336752, 0.003958940054159088, 0.003669203349564928, 0.00348309866885793, 0.0033668722394464847, 0.003298748379393694, 0.0032574303786692973, 0.0032305668543904536, 0.0032142682358188685, 0.0032037464464195523, 0.003199159203426366, 0.003190571154060074, 0.0031860279063338857, 0.0031827097420158035, 0.0031791336576353357, 0.0031760516284729343, 0.0031733582114209847, 0.0031721723711035815, 0.0031710522369029054, 0.003167644775020011, 0.0031656965998611056, 0.0031653447637715972, 0.0031618155851346782, 0.003161492655203345, 0.003159522806036185, 0.0031588283995817226, 0.0031610757422943906, 0.003157250500325278, 0.0031591457021179566, 0.0031556767022543884, 0.0031562926752649874, 0.003153431552451059, 0.0031532038143465674, 0.0031520519794589544, 0.003151357043197895, 0.0031515650905623847, 0.003150975498105268, 0.003148619182422817, 0.0031493921721182077, 0.0031479621859618937, 0.0031472506482213974, 0.003147435786546653, 0.0031475133028808964, 0.0031470858974449608, 0.003147000599330867, 0.0031458675745410854, 0.0031458091751922924, 0.003146028100142637], "avg_test_loss": [0.005598364281468093, 0.004691369928574811, 0.004154379324366649, 0.0038011097916378044, 0.0035702416021078346, 0.0034243453380604014, 0.0033355243369722026, 0.0032820892244135626, 0.003250066243195668, 0.003230278357827606, 0.0032176443999513793, 0.0032086591273605917, 0.0032021091036044825, 0.003196989777139746, 0.0031927575361735835, 0.003189427159481849, 0.003186322223299589, 0.0031837901213946636, 0.0031813934560303986, 0.0031793525372333345, 0.003177474249148359, 0.003176008278760725, 0.003174264018292515, 0.0031729821400800482, 0.0031712582470693937, 0.0031701694056093213, 0.0031689965570620145, 0.0031678659165313896, 0.0031666819376345626, 0.0031657587201036033, 0.0031649181581973936, 0.0031639536535247974, 0.0031630760946800597, 0.0031623970306753064, 0.0031614666461395337, 0.0031608144457165436, 0.003160262422916742, 0.0031596642735306746, 0.0031588280466026985, 0.0031583805087929927, 0.0031577819221032164, 0.0031572830906579606, 0.003156920439766672, 0.003156430947665985, 0.0031558494285071413, 0.0031554750868310337, 0.003154985926066262, 0.0031546508827700447, 0.003154249811091293, 0.0031538016979212468], "avg_accuracy": 60.11000000000001, "avg_precision": 63.96333333333333, "avg_recall": 73.33333333333333, "avg_f1_score": 67.78000000000002, "avg_f2_score": 70.86333333333333}