{"train_losses": [0.024507048717105247, 0.005195773608915238, 0.004458774154983371, 0.003992714866412332, 0.0036824692405356342, 0.0034853666970304335, 0.0033645681655371045, 0.0032945356842309956, 0.0032562354686165073, 0.003230859212442694, 0.0032146886776549272, 0.003203731925641916, 0.0032050842598798763, 0.0031938145969466992, 0.0031867700522339127, 0.0031849822601729845, 0.0031816903956189573, 0.0031792176943496765, 0.003176276953554297, 0.003173430153471698, 0.003171150868825884, 0.0031700095369379564, 0.0031669224741453506, 0.0031664338888578026, 0.003164553041401577, 0.0031638113377862667, 0.0031621783831527073, 0.003163473549893642, 0.0031610399439751385, 0.0031595431991953806, 0.0031579922346106496, 0.0031566457065518, 0.0031574932022401725, 0.0031534487286201084, 0.00315618291385023, 0.003154908907207021, 0.0031535424308918687, 0.0031538021492670816, 0.003153746656467577, 0.0031502072581550086, 0.0031496153263577136, 0.00315047338470278, 0.003148767022214022, 0.0031479015665869395, 0.0031491346157952603, 0.0031488870371537037, 0.0031494568326476827, 0.0031467978180531996, 0.003146155724436583, 0.0031469183721501066], "test_losses": [0.005735632367969419, 0.0047729782392987264, 0.004200598650361196, 0.003822475510577743, 0.003576449819285279, 0.0034234580033136387, 0.003333183569618716, 0.0032797801362064024, 0.003248774166702508, 0.003230050535281547, 0.003218061964546975, 0.003209793745414712, 0.0032038742434591628, 0.0031988353831156227, 0.003194798113187202, 0.003191622195747466, 0.003188547443222398, 0.0031860544270155234, 0.0031836573437501034, 0.003181585471163719, 0.0031799239155728943, 0.0031781473707479355, 0.003176647936925292, 0.0031751111046805116, 0.00317332305936501, 0.0031723056946737836, 0.0031710339177292413, 0.0031698406920231017, 0.0031685786044153455, 0.0031676783333890713, 0.0031670272762242416, 0.0031658285812367327, 0.0031647745770617174, 0.003164507455389517, 0.0031631151482892726, 0.00316225351819482, 0.003161616692803084, 0.0031613185464476165, 0.0031602137247458673, 0.0031598476343788207, 0.0031591750426182095, 0.0031586106633767486, 0.003158261099507889, 0.003157802544032725, 0.0031571126399705042, 0.0031565116525878413, 0.003155990709693959, 0.0031555662639080905, 0.003155362980368619, 0.0031547817634418607], "accuracy": 60.66, "precision": 62.22, "recall": 80.0, "f1_score": 70.0, "f2_score": 75.68}