{"train_losses": [0.004523761611970433, 0.001985769951996584, 0.0016297612325232253, 0.00138103476506714, 0.0010589813418035586, 0.0007905166683135083, 0.0007362687441307198, 0.0006853390556580601, 0.0006374552402033818, 0.000604620299383392, 0.0005791759214515472, 0.0005341696742983782, 0.00048111595202192484, 0.00043319361017882284, 0.00038497390499736843, 0.00037332299489426955, 0.000347420861748193, 0.0003420160028589777, 0.0003297216286293669, 0.000322518635896057, 0.0003061363619755033, 0.00029112099896392684, 0.00028524313028060257, 0.0002630778036083106, 0.0002601596952839586, 0.00025417997806153475, 0.0002510172596863325, 0.0002443555874346071, 0.00025006256407093125, 0.0002364433413660378, 0.00022731379508349417, 0.00022315942262950164, 0.0002283141333946442, 0.00021518847672970045, 0.00020562672054153834, 0.00019831861487129725, 0.00019788953867679214, 0.00019224242925088494, 0.0001903760802359825, 0.0001829440324323207, 0.0001824549840432199, 0.00017213656125921218, 0.00017963010468520225, 0.00016795800501236648, 0.00016597225393886756, 0.00016524890884448472, 0.00016364758555126568, 0.00015900917999945715, 0.00015918058662321867, 0.000154887605213044], "test_losses": [0.002243502518887488, 0.0016560673762936718, 0.0017621075754644922, 0.00111378378810164, 0.0008280581661473172, 0.000901900097512855, 0.0007073341436737862, 0.000788861941635752, 0.0007462535459825841, 0.0007831012094706799, 0.0005791394141851924, 0.0005225092424482752, 0.00047013439661196363, 0.00039700055444532505, 0.00036514378706879844, 0.0003565899801637548, 0.0003821790770206672, 0.0003988625808583143, 0.00035773023577908485, 0.0003181584646741752, 0.0003399837539920834, 0.00033065487738125597, 0.0002659929305082187, 0.0003878326726687821, 0.0002807295045036321, 0.00026288325058815716, 0.0002595505481552279, 0.00025994693127218995, 0.00027645072105560056, 0.0002605397392191942, 0.00029178625999730476, 0.0003138616313942923, 0.00023520799102418375, 0.00023937310022749723, 0.00024740399049523356, 0.00024180152579971874, 0.0002233963852911704, 0.00025393049942907126, 0.00022658069498832518, 0.00021244322376263043, 0.00019668269445761465, 0.0001919154463114235, 0.00019745483167263537, 0.0001795504818941341, 0.00024269944655176144, 0.00019560476357582957, 0.0001737832355082411, 0.00019116540464053216, 0.00018664670054791853, 0.0001798184099383294], "accuracy": 52.46, "precision": 56.25, "recall": 77.14, "f1_score": 65.06, "f2_score": 71.81}