{"train_losses": [0.002720678700358573, 0.0006080977219656245, 0.0003895115821218365, 0.0002387333275253761, 0.00021247759840804635, 0.00020327168423542192, 0.00019421881388771874, 0.00017858942394167275, 0.00016512058586575068, 0.00015390465882500208, 0.00014798565804874188, 0.0001392986156089871, 0.00013564164979602155, 0.00012914516064703062, 0.00012378789135956216, 0.0001235578535966216, 0.00011558803236701088, 0.00011256090119896255, 0.00011024612173191216, 0.00011072195300212444, 0.00010447091994882864, 0.00010274524926011596, 9.948249556704884e-05, 9.702984752071775e-05, 9.915887159702132e-05, 9.38107131584828e-05, 9.131460287187428e-05, 8.814798688013892e-05, 8.520050081620778e-05, 8.591433431418803e-05, 8.218323958109144e-05, 8.295756650398519e-05, 8.003805768928569e-05, 7.894042121416171e-05, 7.750415373824996e-05, 7.458652607417745e-05, 7.158492950242888e-05, 7.044937881866908e-05, 7.004589729532823e-05, 6.847293204691048e-05, 6.952258360786756e-05, 6.653833656581624e-05, 6.34370121599248e-05, 6.500483525240884e-05, 6.194659089739715e-05, 6.106154961968739e-05, 6.062193274538661e-05, 6.0326449838831615e-05, 5.988576300428193e-05, 5.797678350501817e-05], "test_losses": [0.0006990298710521669, 0.0007576065192831896, 0.00028033127049499086, 0.0002171935274628385, 0.0002529339354413633, 0.00019620612315170898, 0.00021109451979730063, 0.00018056627735719443, 0.00019378637849653247, 0.00015534677270177501, 0.00015743945578623636, 0.0001388411283887063, 0.00013076512879286803, 0.00012922385646491492, 0.00015046658588219614, 0.00013214844798662502, 0.00015183038662004177, 0.00013167057050640535, 0.0001442961580463676, 0.00011605550032702292, 0.00012195251558575995, 0.00011998869663679776, 0.00011983862833193807, 0.00012044950828847225, 0.00011712534866931562, 0.00011069717975960184, 0.00010400142778402929, 0.00010553212604673508, 0.0001053437418494678, 9.057918256215859e-05, 9.556597503363334e-05, 0.00010344575660453232, 0.0001016702856129716, 0.00011190739671572094, 8.695406477972238e-05, 9.683480626475872e-05, 0.00010652876069518522, 0.0001004106542705603, 0.00010544129488083014, 0.00010716434483653687, 8.371299820562574e-05, 8.58988150866935e-05, 0.00010711014909667519, 8.652593693953419e-05, 8.405579956161091e-05, 8.914737393822109e-05, 9.872680080801589e-05, 8.043595160136017e-05, 8.410299967810995e-05, 7.794335635061053e-05], "accuracy": 70.49, "precision": 72.97, "recall": 77.14, "f1_score": 75.0, "f2_score": 76.27}