{"avg_train_loss": [0.0040478111590243815, 0.0006851132284713364, 0.00040770944629386295, 0.00028410641814069634, 0.00024222128686306242, 0.00021805132448908884, 0.00020743365585149443, 0.00019401304105770806, 0.0001830330169614756, 0.0001752638649246861, 0.0001677454311957482, 0.00016000826230499872, 0.0001547446090706538, 0.0001500673207604461, 0.0001412319243501266, 0.00013779693503581723, 0.00013307030739339375, 0.0001277837510457745, 0.00012513704399950425, 0.00012361277970130067, 0.00011878883233878306, 0.0001151886692665233, 0.00011294887360955876, 0.00010869876419294094, 0.00010828695306273917, 0.00010549089994424595, 0.00010309359796268558, 0.00010116807998968736, 9.817664017554852e-05, 9.630098445404108e-05, 9.424809672580808e-05, 9.173187942383904e-05, 8.999710586929533e-05, 8.808107535639052e-05, 8.579225946908787e-05, 8.412438822207957e-05, 8.485676665452822e-05, 8.149318031260246e-05, 8.02410330772297e-05, 7.888640630482995e-05, 7.645630197160986e-05, 7.570246466840842e-05, 7.531765854709884e-05, 7.329173344311335e-05, 7.227885385895293e-05, 7.155648884482693e-05, 7.239496761425231e-05, 6.85142334183607e-05, 6.873649020502101e-05, 6.699927305956053e-05], "avg_test_loss": [0.0010408605965681206, 0.0005842137319492535, 0.0003496498137769194, 0.00025453854439733847, 0.00023114589305642326, 0.00021337935938320766, 0.00020395312276377808, 0.00026150848031811154, 0.00021050692591346047, 0.00018065865123599695, 0.0001784973697235378, 0.00018811454799269527, 0.0001679362579661523, 0.00015458001134669382, 0.00015383290965240658, 0.00015223908749015746, 0.00014545592097046887, 0.00014823673194395946, 0.0001375301788077475, 0.00013322855643192993, 0.00013195955237349082, 0.00011887367539505551, 0.00011813193265343447, 0.00012779008151343217, 0.00011948654000895121, 0.0001225677596243585, 0.00011391380165803591, 0.00011696267530425805, 0.00010793893920307686, 0.00011667160262545505, 0.0001090642193584921, 0.00010850066113422286, 0.00010573867597812728, 0.0001048091318387798, 9.975481206754176e-05, 0.00010660375263773276, 9.629207351024843e-05, 0.00010921366333021957, 9.960608853221997e-05, 9.519807467884861e-05, 9.975653185206167e-05, 9.69336362733231e-05, 9.441859259449977e-05, 9.010822244211643e-05, 9.207097350437648e-05, 9.86173497203242e-05, 9.35370483206591e-05, 0.00010437829920798929, 8.508042712772015e-05, 0.00010421931055577424], "avg_accuracy": 68.85, "avg_precision": 69.71666666666665, "avg_recall": 80.95333333333333, "avg_f1_score": 74.86999999999999, "avg_f2_score": 78.39333333333333}