{"train_losses": [0.02956005833925208, 0.0012179704889352153, 0.0006553786063387271, 0.0004024858235841595, 0.000289089786497517, 0.0002461058281555615, 0.0002117652982173218, 0.00020052640041734755, 0.00018902612371084066, 0.00017764157857900171, 0.00017579141990225537, 0.00016565050990096326, 0.00016425112655094588, 0.0001574032462387155, 0.0001515631980006022, 0.00014920926627251375, 0.00014069497826192193, 0.00013752901880701734, 0.00013679053605651954, 0.00013211833974781321, 0.00012660866562229391, 0.00012595369708471853, 0.00012183824504293636, 0.0001213588579333421, 0.00011706022769759734, 0.00011312076132898837, 0.00010910517901128876, 0.00010635971173388793, 0.00010293924529526203, 9.939764334935224e-05, 9.989543764989441e-05, 9.769169148758996e-05, 9.519423442999328e-05, 9.043830139555474e-05, 9.000097700894013e-05, 8.793603221244874e-05, 8.349456944985383e-05, 8.641546912083166e-05, 8.109682162449392e-05, 7.915418756023296e-05, 7.954770322196208e-05, 7.911314018398905e-05, 7.546472679458962e-05, 7.520018233805446e-05, 7.334051195094474e-05, 7.28706197819465e-05, 7.174007906837961e-05, 7.087104474839541e-05, 6.912866406912736e-05, 6.858032481311484e-05], "test_losses": [0.0018269365201166903, 0.0009874550613368717, 0.00046971525555888476, 0.0006433239636512903, 0.00025834025934902736, 0.00020722567751363385, 0.00021012867588209562, 0.00027692157024060947, 0.000242199996556827, 0.0002046310353482393, 0.00017389532121552082, 0.00015861238562837781, 0.00014814254336670274, 0.00018451709505685497, 0.00013913009220582002, 0.0001623535046327071, 0.0001624222376659208, 0.00012937405664650633, 0.00016957166749657167, 0.00013627849323081766, 0.00011772096597549255, 0.00012615584448492603, 0.00010634689645555157, 0.00022435494009606863, 0.00011076487240083785, 0.000170658515624102, 0.00010955260341478816, 0.00010422735032569527, 0.00010756954228642056, 9.101874631876574e-05, 0.00017452149166694234, 9.292073138147735e-05, 0.00011813166747742798, 0.00010267839682525776, 0.00010036269374652945, 0.00010176878934614181, 9.868836080456206e-05, 7.932328998532075e-05, 0.00013860989159953673, 8.821821771002411e-05, 8.464734687899741e-05, 7.396471461946091e-05, 0.00010165347570224325, 0.00011112179681031893, 8.856366499598013e-05, 9.953703857508326e-05, 9.911033528344258e-05, 9.502229267337288e-05, 8.884281837359034e-05, 7.838846200824124e-05], "accuracy": 68.85, "precision": 69.05, "recall": 82.86, "f1_score": 75.32, "f2_score": 79.67}