{"train_losses": [0.003123756816347006, 0.0004985779941121273, 0.00027606589302381346, 0.00023170567748097545, 0.00021483957860759088, 0.00019979125996125884, 0.00018736333936924138, 0.0001739902016657674, 0.00016125785260522984, 0.00015109568511357486, 0.00013869874809128063, 0.00013269489844601758, 0.0001282921082484648, 0.00012739667416822323, 0.0001218258176196692, 0.00011936955898018351, 0.00011347851927072393, 0.0001111092818381983, 0.00010785193739007283, 0.00010695152597625302, 0.00010298879065688318, 0.00010212358079937635, 9.783001752298169e-05, 9.536978749050591e-05, 9.205469495900177e-05, 9.239388365755755e-05, 8.814747952673787e-05, 8.751288677372196e-05, 8.599598361151181e-05, 8.073077776086382e-05, 8.37374260212177e-05, 7.78526479482836e-05, 7.871642814148274e-05, 7.667955904757234e-05, 7.539723095300338e-05, 7.188355006489353e-05, 7.281428705641428e-05, 7.048711414394216e-05, 6.955246888493827e-05, 6.778909785691257e-05, 6.807671842503317e-05, 6.648435996191756e-05, 6.608350100928458e-05, 6.413129984972022e-05, 6.314296282740893e-05, 6.0629574745032286e-05, 6.155266893918189e-05, 5.914354678460801e-05, 5.98299468016106e-05, 5.9461447354883e-05], "test_losses": [0.0006308861640998378, 0.0003446278964334991, 0.00022511125895946933, 0.00021647293676953547, 0.00023292483862090964, 0.000210452979864875, 0.00023318557550038138, 0.0001648599111201922, 0.00015350898866017815, 0.00014690780594369594, 0.00015010337819358727, 0.00013024516416547928, 0.00013118533094641933, 0.00021166103845014452, 0.00015909133127514416, 0.00014004980018328823, 0.00012937983494619123, 0.00013533658987468627, 0.00011012229767332498, 0.00011868399094684998, 0.00010901074745981113, 0.00017615767921177813, 0.00010716148664449484, 0.00012469398839479813, 0.00013787177284449662, 0.00010833185548947837, 9.467743285103307e-05, 0.00010222443828612225, 0.00010233382979025079, 0.00015253604494948656, 9.755306697255807e-05, 0.00012693136481035393, 0.0001020530731134036, 9.072313626417711e-05, 9.801162041884918e-05, 8.419715980450677e-05, 8.064392365598066e-05, 9.810073040101158e-05, 8.526415499195886e-05, 0.00011967464972538158, 7.98297706541444e-05, 9.01536127107997e-05, 8.790473860314635e-05, 8.483891843542761e-05, 7.709634473940241e-05, 8.550125620296548e-05, 8.25519503520739e-05, 8.430208799836691e-05, 8.425170912792404e-05, 8.587202787916445e-05], "accuracy": 63.93, "precision": 64.44, "recall": 82.86, "f1_score": 72.5, "f2_score": 78.38}