{"train_losses": [0.192171589965674, 0.0013549696971067642, 0.0008386403243674571, 0.0006048447455992047, 0.0004968640319470047, 0.0004245856071679281, 0.00039851543141517746, 0.000374213803534295, 0.0003350145632684433, 0.00028422823549579293, 0.0002611005190670131, 0.0002520252972229732, 0.00024495431476592434, 0.00024039940400110804, 0.00022216962576080787, 0.00021273271048845475, 0.00020795037993790962, 0.00020427130178845746, 0.00019998666451660445, 0.00019647705127451433, 0.00019441165706053016, 0.00018523089396234332, 0.0001837854823784858, 0.00017949066854906773, 0.0001776538452649691, 0.00017160506402170398, 0.00016908254134272372, 0.0001685294293916324, 0.00016698668965458286, 0.00016532787756506264, 0.00016412538683521617, 0.00015850058048107963, 0.00015792936244095866, 0.00015545418990582386, 0.00015048846384687126, 0.00014988894485630072, 0.00014456997238764406, 0.00014074757586146356, 0.00013946950723520894, 0.00013592007162515073, 0.00013326230121941967, 0.0001310119501115889, 0.00012644243351932818, 0.00012428863428137546, 0.00012509849028386938, 0.00011821913719457765, 0.00012194778263871839, 0.0001152197409250089, 0.00011510982662747917, 0.000113103629481917], "test_losses": [0.0018416933889966458, 0.0011316184805204661, 0.0007150181504235101, 0.0006442425930380033, 0.0004606284676880862, 0.0005027522890416619, 0.00038414209652378655, 0.0004119065964075092, 0.0003076470371664842, 0.0002867581518400514, 0.00033889564376575156, 0.0002725213566568877, 0.0002410079491360543, 0.0002335948614087941, 0.000259388301996156, 0.00021232041273413834, 0.0002223374298269986, 0.00020126558201109918, 0.0002120143859568858, 0.00020450957219089524, 0.00021648014528461947, 0.00018526627718529198, 0.0001912401933693148, 0.0001898749573089075, 0.00018106816171963984, 0.00017998853735872006, 0.00017535142013422537, 0.00019197419924939124, 0.00023024454989913816, 0.0001601163059184238, 0.00021972146099030326, 0.00015810078310516055, 0.0001791270344536035, 0.00015693540528725582, 0.00015593842629011936, 0.00015591257775108365, 0.00015371420858383106, 0.0001519662586920626, 0.00016443161327445594, 0.00013813057382951508, 0.0001944723216393658, 0.00013204452590378842, 0.000126456070155165, 0.0001304851591087824, 0.00012843103608107552, 0.0001781790504957406, 0.0001140983085161469, 0.000125830164506624, 0.0001324293934186034, 0.00012348075513448118], "accuracy": 70.49, "precision": 72.97, "recall": 77.14, "f1_score": 75.0, "f2_score": 76.27}