{"train_losses": [0.06225803074909442, 0.005123522652156023, 0.0033696354142423854, 0.0027819569985640335, 0.002329968988996403, 0.0018416972457801543, 0.0016364619682868382, 0.0014386289675877126, 0.0013125613075119992, 0.0012754042698799755, 0.001195444965157209, 0.0011587488096128835, 0.0011007614055064967, 0.0011125115984882486, 0.0010181498894726027, 0.0010379443966211325, 0.000987995642725468, 0.0009672209734085902, 0.0009336511921474194, 0.0009339698133092508, 0.0008986888322923108, 0.0009129141397067312, 0.0008976314208436623, 0.0008108476909012141, 0.0008146848916693266, 0.0007842160880576864, 0.0007681281178213476, 0.0007632450580720352, 0.0006878542529379792, 0.000698288751861462, 0.0007003311196858266, 0.0006677404999822737, 0.0006697411196592477, 0.0006334338515312468, 0.0006272194084447685, 0.0006326796212766588, 0.000594516912424735, 0.0006108449781818473, 0.0005767881332374885, 0.000570924854584891, 0.0005763265663331532, 0.0005532928452832646, 0.000543176640857415, 0.0005380814272281995, 0.000520819947488202, 0.000532791637100212, 0.0005023569006792618, 0.0004938683248158678, 0.0005017537000892033, 0.00047178593827467633], "test_losses": [0.0069245528564072, 0.0035340255439782944, 0.003079623386908609, 0.0027242495405236976, 0.0024452893558191136, 0.00189910546648137, 0.0016332932517308598, 0.0017003908388477822, 0.0018919002479658676, 0.0011874318487781028, 0.0016392488637043594, 0.0015140760034018268, 0.0010267529847064556, 0.0010418164719549867, 0.0010567326053905373, 0.001234926407610496, 0.0014860514381255668, 0.0016562399519338773, 0.0009998022561866003, 0.0011076135532885718, 0.001223603018913239, 0.0013477345760643052, 0.0008666237140110192, 0.0008541784252604254, 0.0008603593277467343, 0.0009838914937483003, 0.0011888518593668079, 0.0007131862506727115, 0.0007067750215915461, 0.0012477901473175734, 0.001357121225177812, 0.0007810293631896806, 0.0011000996976061007, 0.0006911255236795674, 0.0007467233232231452, 0.0008098547578601239, 0.0008613032735481213, 0.0006628069212848248, 0.0007963322395181211, 0.0007190328771964862, 0.0006054222198704687, 0.0006231189036043361, 0.0006311833657001933, 0.0009019876076938369, 0.0006615695333144126, 0.0007256735994955166, 0.0006340542570866931, 0.0005541385569533584, 0.0005877006324925998, 0.0005418637282183716], "accuracy": 47.54, "precision": 53.49, "recall": 65.71, "f1_score": 58.97, "f2_score": 62.84}