{"avg_train_loss": [0.04328087365402366, 0.000967508929265606, 0.0005492277425740976, 0.00043398014759652966, 0.0003676248148384181, 0.00032189855810736435, 0.00027937628646547717, 0.00026455233519338616, 0.00023943762641584544, 0.00022892975892103743, 0.00022316271940253348, 0.00021383591008054307, 0.00020728055159632562, 0.00019461170776275858, 0.0001820170909347406, 0.00017456983599921328, 0.00016990519683923028, 0.00016297915056073388, 0.00016234374045315646, 0.0001514025389118968, 0.0001464364841127992, 0.00014227205878042593, 0.00013903939245348646, 0.00013444613160814534, 0.00013103931704318723, 0.00012646609312211968, 0.00012372753558396007, 0.00012097409203901414, 0.00011771860178903247, 0.00011283737172132012, 0.00011017172357840742, 0.00010987328935886354, 0.00010576739825740215, 0.0001031053015704177, 0.00010134618211931055, 9.786265125221075e-05, 9.709512095419221e-05, 9.363544278679342e-05, 9.180687369666021e-05, 8.983490706169937e-05, 8.737824416939743e-05, 8.503345647620301e-05, 8.259571230554519e-05, 8.312723834722358e-05, 7.98532566347185e-05, 7.91205770703819e-05, 7.767390486116733e-05, 7.654090964197051e-05, 7.51741619448391e-05, 7.489644725604266e-05], "avg_test_loss": [0.0013933720570381825, 0.0007249583543734115, 0.0004588491062315393, 0.00039231179868812253, 0.0003364378943946507, 0.00029818795987710407, 0.0002963882028864488, 0.00026131444233042317, 0.0002394839678264718, 0.00022293140221178875, 0.00023835259626638183, 0.0002229230060023039, 0.00019755163183337557, 0.00019027283254329053, 0.00019417543570304243, 0.00017038680079347896, 0.0001933995297781333, 0.00016675486540599166, 0.0001691947132551636, 0.00014902449990052903, 0.00015748897410820158, 0.0001473034693392137, 0.00014115009273101288, 0.00014951503311258344, 0.00013634493765271393, 0.00013807664078513933, 0.0001249676662550518, 0.00012808845315584404, 0.00012667668978244022, 0.0001292903914044116, 0.00012406236890586533, 0.0001246458542110047, 0.00011200366964731227, 0.00011228852478476863, 0.00011321980189232408, 0.00010590417185829725, 0.00010602394279344538, 0.00010901926615116292, 0.00010047790894094749, 9.601457552694056e-05, 9.467408718872336e-05, 0.0001039900597470286, 9.343601930534067e-05, 9.42581721148277e-05, 9.530365699717974e-05, 8.898822944743936e-05, 9.336423787731927e-05, 9.199799573452227e-05, 8.539787479923135e-05, 8.601595656904549e-05], "avg_accuracy": 77.5, "avg_precision": 86.08999999999999, "avg_recall": 88.57333333333334, "avg_f1_score": 87.27999999999999, "avg_f2_score": 88.04333333333334}