{"train_losses": [0.003203537587934813, 0.0006329051659341498, 0.000365277470674377, 0.0002394930739025866, 0.000224558082907124, 0.00021071625103422228, 0.00020152510831788944, 0.00018156986690269424, 0.00016822322078556922, 0.00016072411728315953, 0.0001555209413818813, 0.00014949205460543016, 0.00014013765709045489, 0.0001369285953009546, 0.00012742148704212496, 0.00012672721139710756, 0.0001236988332701836, 0.00011690009158477748, 0.00011412084655954043, 0.00011550283507606665, 0.00011138370927179188, 0.00010297926627057436, 0.00010345146166587092, 0.0001003154609401441, 0.00010088396197990009, 9.632554716649409e-05, 9.546186666268048e-05, 9.355676516116294e-05, 9.119375491394179e-05, 8.888774643847102e-05, 8.592509877789452e-05, 8.510687238226802e-05, 8.316477783464726e-05, 8.257873463640774e-05, 7.924091989414329e-05, 7.824491318848253e-05, 7.832492667521035e-05, 7.493040610857993e-05, 7.504413933710599e-05, 7.317034270458698e-05, 6.96067419008307e-05, 7.010191455111749e-05, 7.104397745605233e-05, 6.698138739405964e-05, 6.634040431649682e-05, 6.624400974756263e-05, 6.780439049969091e-05, 6.292892409753649e-05, 6.414349012936645e-05, 6.045520150296233e-05], "test_losses": [0.0008558869208522643, 0.0004822130347467744, 0.0002876124540657307, 0.00022812440175375043, 0.0002037484717640417, 0.00020256621120587134, 0.00020072081315447576, 0.00020806779838704431, 0.00017445033224178658, 0.00016180828018919923, 0.0002051834344456438, 0.00015197665365681483, 0.00014323908810463484, 0.0001454151722030544, 0.00016581013635284483, 0.00014928510049335624, 0.0001387660747870821, 0.000146069495923047, 0.00012447862039922396, 0.00011442043747732756, 0.0001051984098432093, 0.00011555379870305142, 0.000109996877024689, 0.000125846169374619, 0.00010668957202142337, 0.00011800074501549646, 0.00010692837720573432, 0.00011941374109133343, 0.00010210769050900126, 9.612962283147051e-05, 9.520076652664172e-05, 0.00011398031158303359, 0.00011031518806703389, 9.99695732669072e-05, 9.096761837449427e-05, 9.146961537436045e-05, 9.579562461462607e-05, 9.2980449992935e-05, 0.00010734637943152428, 9.28379383297467e-05, 9.977350845684459e-05, 8.624552566079028e-05, 9.32806250113152e-05, 8.304019956995035e-05, 8.2885101829351e-05, 0.00011221183621483551, 9.083577319520722e-05, 8.195552205646751e-05, 8.253648152626389e-05, 0.00010684013488151741], "accuracy": 68.85, "precision": 69.05, "recall": 82.86, "f1_score": 75.32, "f2_score": 79.67}