{"avg_train_loss": [0.008623802736139741, 0.0035773980320921266, 0.00339004576737323, 0.00331421329445359, 0.0032689851602113033, 0.0032404792835434757, 0.0032203991441093534, 0.0032049188932710623, 0.00319431571319819, 0.0031844002753870196, 0.00317702768651028, 0.0031709306179564523, 0.0031665435143144256, 0.0031637249965160846, 0.003160483251890564, 0.003157487599904757, 0.0031548154269191754, 0.003151753640370855, 0.0031507774071027356, 0.0031481222580579753, 0.003146688233365316, 0.003147601456863873, 0.0031445884433795646, 0.0031483369610126478, 0.0031458347631865232, 0.0031409991843379045, 0.003141853377881299, 0.003141174638217472, 0.00313923216151844, 0.003138175409055319, 0.003140436339352923, 0.003141281262309436, 0.003140885768884636, 0.0031373059066633385, 0.0031368551418619103, 0.0031375727434848327, 0.0031358357234652265, 0.0031359489636877216, 0.0031365557452177548, 0.003135039825852676, 0.0031384865038964643, 0.003135412894039748, 0.003135926483281286, 0.003133488129300765, 0.003136444711556516, 0.0031356873907088995, 0.0031341105836058362, 0.0031344566389499423, 0.0031338634796021694, 0.0031343607650882745], "avg_test_loss": [0.003782896627224265, 0.0034533419641845212, 0.0033489664052374275, 0.0032925643011903725, 0.0032584264572972483, 0.0032358618403892387, 0.003218196883934956, 0.003206336073046072, 0.0031959566060835738, 0.0031881963435667925, 0.003181916774990849, 0.003178072625395054, 0.0031728023590030484, 0.0031694687189510427, 0.003166213555512233, 0.003164055684091857, 0.003161459317198023, 0.003159565773482124, 0.0031576867383988337, 0.003156288566503626, 0.003155229113942299, 0.0031539731612727526, 0.0031535618778807707, 0.0031517602448077058, 0.003150878045021389, 0.003150823323103862, 0.003149524340794111, 0.0031493791865590866, 0.003148847593902013, 0.003149058774280816, 0.0031475913024340304, 0.003146956621024471, 0.0031467554307220355, 0.0031464318341862126, 0.003145930966965329, 0.0031456183067534883, 0.0031454115098593035, 0.003144877467256708, 0.0031443824961733743, 0.0031451975198414847, 0.0031438425559407244, 0.0031437999412166676, 0.0031440459417167287, 0.003143573166408504, 0.0031433930711593865, 0.0031427824078724743, 0.0031429763281873115, 0.003143481287108257, 0.0031424320537226796, 0.0031426470862546316], "avg_accuracy": 59.56666666666666, "avg_precision": 62.803333333333335, "avg_recall": 72.38333333333334, "avg_f1_score": 67.25333333333333, "avg_f2_score": 70.23333333333333}