{"train_losses": [0.003685759347211422, 0.0007626633018441646, 0.00040384137311683604, 0.0002989119589592174, 0.0002761520440741796, 0.00023140547287030017, 0.00021105638895474102, 0.0002017230246473204, 0.00019029863338064273, 0.00018404640790713875, 0.00018090964585087334, 0.00017097570819519034, 0.00016506185291498558, 0.00016065345052878382, 0.00014868502817483238, 0.00014264586695125091, 0.00014228650132603826, 0.00013325521952457523, 0.00013618724271877966, 0.00012069111743343617, 0.00012240898605007635, 0.0001135619835208039, 0.00011104770884587566, 0.00010868384397556988, 0.00010691688019022289, 0.00010166278032188472, 9.912892454837985e-05, 9.823188352302052e-05, 9.588769117277778e-05, 9.137620249527538e-05, 8.908344741801648e-05, 9.118164428089793e-05, 8.567576577074243e-05, 8.348739827598837e-05, 8.106456349610832e-05, 8.031185365026328e-05, 8.07285708831358e-05, 7.728845388026204e-05, 7.500754943837911e-05, 7.59590792698919e-05, 7.36850792340123e-05, 7.156052558307641e-05, 7.047088354140007e-05, 7.211856645766073e-05, 6.731750711222486e-05, 6.836623426835691e-05, 6.639590410026059e-05, 6.783451931657015e-05, 6.510399482896349e-05, 6.693620487198984e-05], "test_losses": [0.0012115555744665334, 0.0005364906625996073, 0.0003244481410512913, 0.0002744009286714895, 0.00023117196763485458, 0.0002192287331725518, 0.00020678272663138194, 0.00020543600121642686, 0.0002165322877795294, 0.00017801343549567547, 0.0002053748928430443, 0.00016965263637734718, 0.00016765665534450495, 0.00015523672611172652, 0.0001559957759300117, 0.00013691288376885727, 0.00016800442732991416, 0.00014618684052706318, 0.00015490972716950728, 0.00012881179724059575, 0.00012471463670880428, 0.00011960386634396118, 0.00011297197985946189, 0.00011486015026531288, 0.00011419934544622415, 0.00011074145953023594, 0.00010373087487879056, 9.795004186770124e-05, 0.00011319127095910378, 0.00012060793159423466, 0.00011565658178945261, 0.00010385172333107094, 9.701045514069662e-05, 9.323726831846929e-05, 9.466476611906509e-05, 9.16082511289057e-05, 9.171145008817976e-05, 9.03892153163022e-05, 8.619055494554104e-05, 8.748311771756286e-05, 8.476676963324234e-05, 8.599304769459311e-05, 9.137973775298783e-05, 9.228682402068973e-05, 8.878725101210507e-05, 8.399550537018789e-05, 9.350262640693956e-05, 8.993027848744163e-05, 8.550274545581763e-05, 7.992036354395006e-05], "accuracy": 80.0, "precision": 86.49, "recall": 91.43, "f1_score": 88.89, "f2_score": 90.4}