{"avg_train_loss": [0.012198524648743499, 0.000750433386363796, 0.0004131520353655058, 0.0002788130545064837, 0.00022220541870344925, 0.0001977400527659235, 0.00017671580808017456, 0.0001683557493905313, 0.0001571820691369575, 0.00014544113524665825, 0.00013865160669436692, 0.00013073015970694102, 0.0001263332015371425, 0.00012019788641244151, 0.00011576135948124569, 0.00011525365870726952, 0.00010844888521501434, 0.00010553799338412498, 0.00010336253332522563, 9.99335045747442e-05, 9.73753909442254e-05, 9.487605667495389e-05, 9.210961951498302e-05, 9.03327753741657e-05, 8.846722043214748e-05, 8.60215363392642e-05, 8.290641157196863e-05, 8.148363905425378e-05, 8.057416957287852e-05, 7.669253462220048e-05, 7.657877403432054e-05, 7.518758367556316e-05, 7.267962840171138e-05, 7.129113361869198e-05, 7.031592505670294e-05, 6.897209044047968e-05, 6.636342298015989e-05, 6.752920266424107e-05, 6.314880703143442e-05, 6.349229775535142e-05, 6.199280347595138e-05, 6.163080675708855e-05, 5.985797719163147e-05, 5.905879600077351e-05, 5.922176320331141e-05, 5.823669636453293e-05, 5.638349717029419e-05, 5.5607451996406034e-05, 5.47585684527226e-05, 5.3735033598278246e-05], "avg_test_loss": [0.0010693105904442163, 0.0005763971450319215, 0.0003604782632464776, 0.0003868995269070952, 0.0002396556501480518, 0.0001972564284350926, 0.00018660151528866918, 0.00023662141659140334, 0.0001765233576943268, 0.00021313649631338194, 0.0001463246994367532, 0.00014943602593867137, 0.00012206896749725834, 0.00014557391468537017, 0.00018055393789276984, 0.00013092111958730337, 0.0001224495369966369, 0.00012438559331666256, 0.00013815642850180992, 0.00011490577241765539, 0.00010171138392951644, 9.751803773747852e-05, 9.88257915872591e-05, 0.0001403305733476419, 9.919530151446218e-05, 0.00013335187424719407, 8.665852107160624e-05, 8.9552884242622e-05, 9.062605374474049e-05, 8.870446310118916e-05, 0.00010846230564381515, 7.937464305285127e-05, 0.00010299124516257927, 8.426556458009426e-05, 8.129779795732853e-05, 8.110035551931687e-05, 7.925219430641543e-05, 7.220929585225978e-05, 9.176562298307545e-05, 7.965216578808255e-05, 7.428619337355111e-05, 7.528622674540085e-05, 8.026493511491794e-05, 8.284519645502979e-05, 8.177519030374615e-05, 8.008051395919234e-05, 8.260549474214665e-05, 7.881710679122568e-05, 7.438964508438426e-05, 7.47370065651828e-05], "avg_accuracy": 60.65333333333333, "avg_precision": 62.81666666666667, "avg_recall": 76.19, "avg_f1_score": 68.84333333333332, "avg_f2_score": 73.06666666666666}