{"train_losses": [0.0054125054108248236, 0.000753276802582599, 0.0003515791818387358, 0.000261522136475745, 0.00024266488354299665, 0.00022826724438871964, 0.00021902344046519643, 0.00020713313477091402, 0.00020282755960732789, 0.00019524067111526536, 0.00019403349402001555, 0.00018047814643857665, 0.0001808933772045715, 0.00017461719404112167, 0.00016612063101717237, 0.00016239307265369647, 0.00015380320565968594, 0.00014644876179981033, 0.0001436920896353458, 0.0001415075679731847, 0.00013491498269224876, 0.00013545412959107365, 0.00012939631586883173, 0.00012468738668648728, 0.00012492878030822893, 0.0001211829993001421, 0.00011775167213601386, 0.00011588867327004829, 0.0001116292414757569, 0.00010947578566300357, 0.00010589902073212237, 0.00010395193129219676, 0.00010370741277815302, 9.897676877206168e-05, 9.757255667579326e-05, 9.467004730326898e-05, 9.913093242822328e-05, 9.099660062228319e-05, 8.984658055719976e-05, 9.002336192208466e-05, 8.612234011805807e-05, 8.520760371122531e-05, 8.382852521833e-05, 8.267362459867081e-05, 8.159345831141347e-05, 8.027928059777603e-05, 8.163768384347569e-05, 7.70690797264295e-05, 7.645769709411234e-05, 7.67666330183744e-05], "test_losses": [0.0011120461836421432, 0.0006292912333335083, 0.00031116745762679225, 0.00024284731751742164, 0.00027459663984840375, 0.0002243701269785211, 0.00022108937040544473, 0.00034283527006314567, 0.000246324386562964, 0.000212092297190863, 0.00017748589505992221, 0.00023955015086148007, 0.0001739937331596873, 0.00017791119968863384, 0.00016535031010369913, 0.00016014248327477477, 0.0001580731895955978, 0.00014434730103228224, 0.00016502445564233663, 0.00016241074403156884, 0.00013961104797579956, 0.00012522154282543433, 0.0001340883610772345, 0.00015248994504173214, 0.00013964729455787723, 0.00012460739659358156, 0.00012072731372497331, 0.00011829717284574424, 0.00012205018167430983, 0.00011963899739314981, 0.00010657444636308355, 0.0001151838873388792, 9.866748391337191e-05, 0.00010768556645556461, 0.00010426818013141971, 0.000132652302594439, 0.00010146112491873701, 0.000129589948650951, 9.53036056111719e-05, 9.803414111677109e-05, 9.727995788685243e-05, 0.00010882532380772039, 0.00010220453070640081, 8.688027810421772e-05, 0.00010815160315430078, 9.313681941701082e-05, 9.815360793324474e-05, 9.975299340462348e-05, 8.329864053498917e-05, 9.539935196628973e-05], "accuracy": 68.85, "precision": 69.05, "recall": 82.86, "f1_score": 75.32, "f2_score": 79.67}