{"train_losses": [0.04525584045864911, 0.006292566305856748, 0.004136311536632389, 0.0033120511728058377, 0.002726091561188181, 0.002293644562722689, 0.0019924016764768992, 0.001781795951762203, 0.0016070312220064632, 0.0014343900049206273, 0.001385469751359603, 0.001378759859601058, 0.0012649354199508586, 0.001205038932623364, 0.0011352481460759798, 0.0011336499690470926, 0.001054071871485247, 0.001000703975603164, 0.0009968120478520014, 0.0009822387267913984, 0.0009351342094568424, 0.0008903706966652479, 0.0009080145050805197, 0.0008349959393514388, 0.0008147757643474692, 0.0007956394520363804, 0.000765076140082071, 0.0007358347776862063, 0.0007013253873236567, 0.0006918517933002707, 0.0006744218024520585, 0.0007252497618165181, 0.0006213168021016585, 0.0006461189733677914, 0.0006189303831702255, 0.0006545584598354187, 0.0005631607365289546, 0.0005745511310573398, 0.0005665969235418611, 0.0005526648349751416, 0.0005495563628438142, 0.000521357014146914, 0.0005308598468601928, 0.0005066753222034817, 0.0005047877250430006, 0.00052922624310602, 0.0004928207825111921, 0.0004714172582439405, 0.00047321028871383203, 0.0004690235461029841], "test_losses": [0.008300629171292083, 0.004932054770716394, 0.00517619022866711, 0.0057370409754534755, 0.002706258642809609, 0.00194146045564244, 0.002571748786767085, 0.0016224515006447642, 0.0025498164804258314, 0.0019609739896483147, 0.0018397469628745546, 0.0017423425933184961, 0.0011799256457239748, 0.0014732623531017452, 0.0010709246433599708, 0.001740727906088488, 0.0009726084412809891, 0.0011166134746207928, 0.001146966602671175, 0.0009117002941471023, 0.0009013207493878256, 0.0015705898795903732, 0.0014117426718047892, 0.0008786101842325969, 0.001252900710544334, 0.0008401118359940413, 0.0007693688821746036, 0.0007316814741128697, 0.0008988075798977382, 0.0006344069876761821, 0.000762878076504701, 0.0007079342137261007, 0.0006875356188034997, 0.0008624861086270987, 0.0006591996028034303, 0.0005847093550703273, 0.0006353299960700007, 0.001065822641136877, 0.0007173328373867732, 0.0006898633896176202, 0.0006561736635586175, 0.0006281998598401864, 0.0006551366168423556, 0.0007158508513104887, 0.0006003846386962463, 0.0005887186998734251, 0.000544585484021809, 0.0005516885788753056, 0.0005671164992516144, 0.000542695970440176], "accuracy": 50.82, "precision": 55.32, "recall": 74.29, "f1_score": 63.41, "f2_score": 69.52}