{"train_losses": [0.008486984919262938, 0.0035983862243143907, 0.003412947667403573, 0.00332935595525855, 0.003282375413789807, 0.0032474162017769484, 0.0032260473800755766, 0.003208688523126654, 0.0031969806903142887, 0.0031861206062182962, 0.003179260798875826, 0.003172156753871276, 0.0031680136105516946, 0.0031666362972324153, 0.003163385707660612, 0.0031576303232191917, 0.003155004972008517, 0.0031510102927280836, 0.0031534190390662973, 0.003147581293169095, 0.0031485161205461946, 0.0031511058570839554, 0.0031444926044892473, 0.003150097499545439, 0.003151319616934262, 0.0031425288266850164, 0.0031427743794194547, 0.003142599193154868, 0.0031383254368935365, 0.003137918947690941, 0.0031435145121292175, 0.0031414712066706045, 0.0031458730629858483, 0.003138503294258592, 0.003137337589210056, 0.003139751950413527, 0.0031358871378947095, 0.003136767547420529, 0.0031351826871823833, 0.003134623849315636, 0.0031365236845316297, 0.003135305727798357, 0.00313593582699008, 0.0031337016873645134, 0.0031366208921669116, 0.0031383103735924487, 0.003134136898891933, 0.003133239720510431, 0.003133735477542841, 0.003132409795400608], "test_losses": [0.0037848707378053893, 0.0034790682973555075, 0.0033701544229048663, 0.003306409885856108, 0.00326809109090111, 0.00324374682475956, 0.003223407570308504, 0.003209679781530912, 0.003199032557089455, 0.003191477937014917, 0.0031841950974642085, 0.003178931186154771, 0.003174119131961981, 0.003171281367450809, 0.0031671152682974935, 0.0031646133597510364, 0.0031623086699535353, 0.0031606312124775006, 0.003158451010956644, 0.0031572583785208943, 0.0031558285252406048, 0.003155332772831361, 0.003153562570402685, 0.003152391960611567, 0.0031513568157186876, 0.0031507179911176744, 0.0031497721502091736, 0.003149051649066118, 0.003148473109691762, 0.003149725111702887, 0.0031479997963358005, 0.003147362413493773, 0.003146558431371187, 0.0031461817651199033, 0.003146500456540917, 0.0031458237477076743, 0.00314540463911656, 0.0031447183998982208, 0.003144515257400389, 0.003146114248710756, 0.0031441061896307822, 0.0031434973867502636, 0.003143331067314228, 0.0031433969136112584, 0.003143290818955463, 0.003142830029201622, 0.0031424862659500483, 0.0031431171586378836, 0.0031418199359904975, 0.003143345059540409], "accuracy": 60.66, "precision": 63.41, "recall": 74.29, "f1_score": 68.42, "f2_score": 71.82}