{"train_losses": [0.03352308036017901, 0.0006453571192271082, 0.0003371896464044237, 0.0002773860231380102, 0.00024120205947654057, 0.000217364273293576, 0.0002070282318550486, 0.00019479455456544373, 0.00019091483602695213, 0.00018345765209555276, 0.00017364425414748036, 0.00016673858352055215, 0.0001585765860713591, 0.00014916628075712374, 0.0001456927998045598, 0.00014522049770929226, 0.00013936005886039943, 0.00013684790394131885, 0.00013543387435272018, 0.00012974273639987518, 0.00012889545354183507, 0.00012651912196286248, 0.00012525701659117807, 0.00012039167201312265, 0.00011881772905648568, 0.00011284604065449573, 0.0001108542460948413, 0.00010699135572958997, 0.0001033649120898512, 9.964868344399338e-05, 9.677687444021598e-05, 9.559089248565974e-05, 9.286221130780546e-05, 9.064927727897295e-05, 8.87051000282105e-05, 8.450865468574515e-05, 8.359805196039216e-05, 8.0152251173993e-05, 7.969202209131231e-05, 7.825275547532593e-05, 7.572114886494967e-05, 7.388451659964999e-05, 7.22084035409859e-05, 7.170904108292396e-05, 7.039807572750127e-05, 6.930224732588866e-05, 6.808862947108065e-05, 6.623890914530029e-05, 6.651956775523922e-05, 6.49461129439801e-05], "test_losses": [0.0010636309018105126, 0.0004102777016623229, 0.0003078218477283003, 0.00025042684819133763, 0.0002142734027281993, 0.00022890010540656556, 0.00022136730731750804, 0.00019017288019612454, 0.00018152519052957268, 0.00017554051976995778, 0.00017479767958792752, 0.00019656040995305143, 0.00015112058058030362, 0.00015078181890134192, 0.00014715616045485815, 0.00014284220152966311, 0.0001843401832842044, 0.00013963377034686552, 0.00013916763460265083, 0.0001246924433802679, 0.00013275038656525173, 0.0001380881359999634, 0.00013769859398525102, 0.00011701235817332716, 0.00012762563563205442, 0.00011308263032034017, 0.00010971764056159395, 0.00011749229861955348, 0.00011106739493928367, 0.00011594007280765726, 9.874606741182624e-05, 0.00010512375012717999, 9.788483943270012e-05, 9.986690441374903e-05, 9.128563880627161e-05, 8.849632253765742e-05, 8.633382974120293e-05, 8.912415174978102e-05, 8.226506363400082e-05, 8.213868858535844e-05, 8.20904613739245e-05, 8.468894331967988e-05, 7.914538902604121e-05, 7.863640717062745e-05, 8.80653221625098e-05, 7.418411516045114e-05, 8.057994931778588e-05, 7.480145092203305e-05, 7.155273633082899e-05, 7.622420005507684e-05], "accuracy": 80.0, "precision": 86.49, "recall": 91.43, "f1_score": 88.89, "f2_score": 90.4}