{"train_losses": [0.0026265528975710378, 0.0007788816841224893, 0.0004789041524901809, 0.00037578191676160874, 0.0003131599095226354, 0.0002552924481647154, 0.00020402444321997434, 0.00019174837265543114, 0.00018118984479758494, 0.00017577473585034465, 0.00017073344689736046, 0.00016865653628595777, 0.00016420440177954116, 0.0001617067302757715, 0.0001605759802766408, 0.00015297574717334112, 0.00015422915703887076, 0.00014545180378654896, 0.00013944831605357063, 0.00013266963271488277, 0.00013091326606247348, 0.00012425595358291514, 0.00012112557048072355, 0.00011653320515379855, 0.00011366633529339393, 0.00011080920821653688, 0.00010722205703892035, 0.00010645138750481272, 0.0001032869531167008, 0.00010084174134791755, 9.793419978243176e-05, 9.876284750848581e-05, 9.309102271017073e-05, 9.448402996193042e-05, 9.174124547998756e-05, 8.886213966929339e-05, 8.864581824254165e-05, 8.544284710757282e-05, 8.833076344096378e-05, 8.233876650581207e-05, 8.176706428975758e-05, 8.117252444300235e-05, 8.008940823879417e-05, 7.770942264973132e-05, 7.836875252744707e-05, 7.673693426113459e-05, 7.323046961401021e-05, 7.468333711309427e-05, 7.31202274299086e-05, 7.166758516891432e-05], "test_losses": [0.0011734118791226346, 0.0005591512715541227, 0.000497873475932799, 0.00033597211825773355, 0.0002818847034764594, 0.0002330039092560617, 0.00018299092657280544, 0.00019164598263988767, 0.00019050193427401724, 0.00017142557633725362, 0.00018594955437510168, 0.0001745668574769781, 0.00016988853600150258, 0.00018744839344665855, 0.00017586022230820094, 0.00017301438032219163, 0.00018632133656013404, 0.00015166161065741408, 0.00014473082009766285, 0.0001342080038831469, 0.00013822255954713727, 0.00013266180873490411, 0.00012575618806110896, 0.00012270168321541677, 0.00012278327423838982, 0.00011646088382746447, 0.00012358559076887957, 0.00012551383397179432, 0.00011606766648709927, 0.00011048751051170763, 0.00011222125926273108, 0.00011380041095308806, 0.00011249391048560155, 0.00010578759265857266, 0.0001053579639395864, 0.0001043218549114764, 0.00010911952741952507, 0.0001039616603797001, 0.00010462738614075499, 0.00010150047833294477, 0.0001028359831621004, 0.00012553938860854699, 0.0001064146676117737, 0.00010538396227160245, 0.00010207818932146058, 9.481275007106612e-05, 9.475335698166591e-05, 9.772884073708489e-05, 9.535651065849794e-05, 9.564739280627876e-05], "accuracy": 80.0, "precision": 86.49, "recall": 91.43, "f1_score": 88.89, "f2_score": 90.4}