{"avg_train_loss": [0.013715030027421795, 0.0006468506046828228, 0.00041395466257894176, 0.00031830049771348895, 0.0002744179356928334, 0.00023699705370323378, 0.0002027718467612231, 0.00019344838765698616, 0.00018182869190099048, 0.0001760564402256894, 0.00016905782979344857, 0.00016784525213003347, 0.00016027879599446945, 0.0001552527876308211, 0.00015094910385825166, 0.00014645994777518214, 0.00014183470638299273, 0.00013766973735698925, 0.00013146940049033672, 0.0001274785807269725, 0.00012368249229857534, 0.00012084483163186175, 0.00011695693698927824, 0.00011217178631602037, 0.0001091685856404893, 0.00010708667096621229, 0.00010306518073131101, 0.00010090147399735653, 9.891483940024844e-05, 9.60152648030423e-05, 9.287055155650342e-05, 9.19374697102135e-05, 8.840545946563926e-05, 8.775482189165917e-05, 8.469642546396423e-05, 8.279430869750492e-05, 8.200709469302228e-05, 7.937959454938198e-05, 7.98154368172073e-05, 7.547534136093315e-05, 7.541093973026063e-05, 7.423842965254305e-05, 7.241422664353237e-05, 7.110778939552145e-05, 7.057824476480149e-05, 7.024146146514922e-05, 6.756758764300831e-05, 6.803863659080912e-05, 6.672435325288821e-05, 6.587778776167228e-05], "avg_test_loss": [0.0009104632991091014, 0.0004957885491732461, 0.0003683813955052265, 0.00030234520664838447, 0.00025330105784667444, 0.00022473151962329802, 0.00020214764043106207, 0.00018726003554355914, 0.00018311807502197192, 0.00017118911945763563, 0.00017353870986616007, 0.00016856449703773864, 0.00016688302578122104, 0.00016662742829778943, 0.00015724672840609517, 0.00015295084613708892, 0.0001581366956042409, 0.00014643498009253973, 0.0001389629727674998, 0.00012673409148522175, 0.00013179891563599286, 0.0001287697898063127, 0.00013247579746628632, 0.00012000258334122505, 0.00012993711699991496, 0.00011423960348855477, 0.00011302294057449091, 0.00010890059806084758, 0.00011576049974842, 0.00010623652324974948, 0.00010770585123677483, 0.00010530210194609694, 0.00010589711295140175, 9.40882831402732e-05, 9.56165401671742e-05, 9.705232387128137e-05, 0.00011167859706859682, 9.489813063994644e-05, 9.278216865159304e-05, 8.821933045391414e-05, 9.235355340903193e-05, 9.636661582087306e-05, 8.745734636011908e-05, 8.746627072123603e-05, 8.60806034524475e-05, 8.46825733108894e-05, 8.091125218081043e-05, 8.297108786193141e-05, 8.208690435165847e-05, 8.184021076763182e-05], "avg_accuracy": 80.0, "avg_precision": 86.49, "avg_recall": 91.43, "avg_f1_score": 88.89, "avg_f2_score": 90.40000000000002}