{"avg_train_loss": [0.05418718352046118, 0.0060855538732031865, 0.0038543321319433103, 0.003094833088387926, 0.0026547751397859435, 0.002238645656296168, 0.0019833863683860285, 0.0017709718117150048, 0.0016171607539996532, 0.0015131439704141284, 0.001400791343309015, 0.0013316238947478256, 0.001233014515058762, 0.001205467973904961, 0.0011275108022349755, 0.0011178110379269385, 0.0010654356803307423, 0.00103091046173896, 0.0010067892068226535, 0.0009876849308393027, 0.0009528223630863741, 0.0009188258328501241, 0.0009122800435422056, 0.0008461099053942506, 0.0008356475186193863, 0.0008089753238102758, 0.0008139651309395859, 0.0007643105609933415, 0.0007262451108778831, 0.0007199713377745814, 0.0007113978975727391, 0.0007090486267705009, 0.0006685764260681712, 0.000667189290755462, 0.0006466759922568233, 0.0006584803228047733, 0.0006059334896239321, 0.0006146559538039187, 0.0005948915195148288, 0.0005883228055755027, 0.0005824394770720263, 0.0005602190961797598, 0.0005558472696409363, 0.0005404629329421435, 0.0005381885049658936, 0.0005405008179475983, 0.0005164848839261955, 0.0005026748321153761, 0.0004999140377790409, 0.0004912263125622547], "avg_test_loss": [0.009299179694304863, 0.0045365691558123585, 0.0044032834807578, 0.003941686752323921, 0.002708863879282338, 0.002388003010986349, 0.002202980278152375, 0.001845349603219149, 0.0023369311544602406, 0.0016213632009636897, 0.0016830195057152126, 0.0015443721748828792, 0.0013476103883406792, 0.0013428401250096683, 0.0011189282048666754, 0.0017008482637510703, 0.0012179809097851364, 0.0013436076141004332, 0.0011129061486616803, 0.0011031725803966252, 0.001055947472102558, 0.0012886505008702024, 0.0010907171866468464, 0.0009128329624311449, 0.0009889551076458956, 0.0011548720123335861, 0.0009366810200168776, 0.0007501513318857178, 0.0009374672241765671, 0.0008947447560599241, 0.001015392946451007, 0.0007444870100768568, 0.0008872808341551811, 0.0007573895713087553, 0.0007216597352033624, 0.000702343970120777, 0.0007562912326718035, 0.0008196988811295551, 0.0007241031579234494, 0.0007060503518844667, 0.0006710070880123964, 0.0007201738686163503, 0.0006705335539523871, 0.0008540488578056773, 0.0006734628861102884, 0.0006709026847369013, 0.0005842513674929834, 0.0005641570575020383, 0.0005962466952601413, 0.0005962838959254813], "avg_accuracy": 52.46, "avg_precision": 56.27, "avg_recall": 75.23666666666666, "avg_f1_score": 64.32333333333334, "avg_f2_score": 70.43666666666667}