{"train_losses": [0.0034071085866574334, 0.0005489166678036058, 0.00029183628240246775, 0.00022852086463483073, 0.00020954242401829282, 0.00019176457373913468, 0.00017744578966023738, 0.00017142721601896526, 0.0001573518094086335, 0.00014914742631329987, 0.00013930925875705813, 0.00013387238586472954, 0.00012976141686478338, 0.00012201581719045314, 0.00011666355637415503, 0.00011738343250233658, 0.00011159066706601284, 0.00010752127513202491, 0.00010598836870266528, 0.00010321762405598188, 9.876042862173103e-05, 9.837182316191337e-05, 9.451154854389873e-05, 9.346714506980525e-05, 9.208362106323601e-05, 8.853822096225705e-05, 8.626167651220977e-05, 8.25425946393544e-05, 8.459758359401666e-05, 7.969345775585767e-05, 7.975941500416116e-05, 7.641911037660384e-05, 7.797896723348524e-05, 7.275132602115767e-05, 7.378621832839303e-05, 7.161153881026556e-05, 6.986988890012838e-05, 7.018789702308286e-05, 6.720550668268767e-05, 6.739779795219853e-05, 6.623037667182017e-05, 6.36224760477577e-05, 6.644856524850096e-05, 6.288686363624004e-05, 6.481565440218077e-05, 6.049549922765042e-05, 6.334900200129936e-05, 5.847174406552362e-05, 5.81986474221101e-05, 6.089803490280006e-05], "test_losses": [0.0007264782806697229, 0.0005725794491389444, 0.00022859625264223164, 0.00021489764451241802, 0.00019649266169625873, 0.0001719159989499111, 0.0001699171779574289, 0.00018105197033526984, 0.0001519860916932185, 0.00018018897124140774, 0.00013681107157026418, 0.00014749055662832689, 0.00015236261802224012, 0.0001441960533926389, 0.0001342042400070708, 0.00012178014773011315, 0.00012983906925420833, 0.00011951659060007212, 0.0001123189944897044, 0.00011872634051822108, 0.00012902938606902564, 0.00013669398490142508, 0.00015778387009609456, 0.00014900040836297334, 9.220790189619247e-05, 0.00010204244594765791, 9.549215372736889e-05, 0.00010623251105593787, 8.734851137258095e-05, 9.13134752129106e-05, 0.00011109394675328916, 9.950662577186729e-05, 0.00010462495825217607, 0.00010227159089901342, 8.869192718590896e-05, 8.3807975198187e-05, 8.801660792064817e-05, 9.082085545322535e-05, 8.528310109585828e-05, 7.908008158735286e-05, 7.5835648728501e-05, 8.141962364159274e-05, 7.964451371942862e-05, 0.00010038062121636288, 8.745744456134092e-05, 7.812929155849046e-05, 8.632283131121837e-05, 8.194304770698251e-05, 7.591547280473885e-05, 7.649332788927355e-05], "accuracy": 70.49, "precision": 70.73, "recall": 82.86, "f1_score": 76.32, "f2_score": 80.11}