{"train_losses": [0.03573907646076102, 0.0007116697488987783, 0.0004901037621182902, 0.00034664680245015595, 0.00030946129097369693, 0.0002585205533527003, 0.00022744540201759413, 0.00021256475962287322, 0.00020540961028202702, 0.00020111902926192335, 0.0001925270466293839, 0.00019266762008763043, 0.0001869533885331328, 0.00017712416796758254, 0.00017163010419654376, 0.0001659493153263473, 0.00015788970559017947, 0.00015374992218784416, 0.0001488753366716025, 0.00014418284483119488, 0.00013953021008794304, 0.00014085453919586695, 0.0001327396718772457, 0.00012855171864223076, 0.00012471336478622015, 0.00012208798889793188, 0.00011800624934385038, 0.00011345467414051925, 0.00011099520835631654, 0.00010757174523756544, 0.00010484482601573808, 0.0001023387589318386, 9.778564882380343e-05, 9.660849432120929e-05, 9.228900432125429e-05, 9.067913102810536e-05, 8.762121576148297e-05, 8.612113655360616e-05, 8.508114113950958e-05, 7.967585990420187e-05, 8.051675850661991e-05, 7.736172734969185e-05, 7.59839446881058e-05, 7.389617747298584e-05, 7.204043687942189e-05, 7.409817190600273e-05, 7.079923003241479e-05, 7.049270847277558e-05, 6.818493159388006e-05, 6.917689334622531e-05], "test_losses": [0.0009748882170519025, 0.0005893886475779611, 0.00036966267555415676, 0.00037600580087857017, 0.0002914071317925707, 0.00024268508579691024, 0.0002429056319531902, 0.0002100602761419384, 0.00020682470853841285, 0.00019821078834106226, 0.00018951025615738046, 0.00019643116785475655, 0.0001951104930389814, 0.00017031584359790918, 0.00016806008048499994, 0.0001680510100367762, 0.00016447040639210587, 0.00017220204581117518, 0.00015393662908559525, 0.00013604039942279836, 0.00015093834666959658, 0.00014748139847718368, 0.0001546329896675299, 0.0001371872616962005, 0.00012813368881278955, 0.00012567360313311572, 0.00011792404280019087, 0.0001122880551324497, 0.00012409045906034533, 0.00010948013133904308, 0.0001153256044641308, 0.00011433773319298826, 0.00012055718289508449, 9.528968352058172e-05, 9.760515355612623e-05, 9.497052769226764e-05, 0.00012883257585587983, 9.463992116448199e-05, 9.089818710971128e-05, 8.530710766547289e-05, 9.730772042162186e-05, 8.63994086839854e-05, 8.150483055159603e-05, 8.069684982625472e-05, 7.970488071736372e-05, 7.929778858633193e-05, 7.334246712864253e-05, 7.872502370630656e-05, 7.898187479578973e-05, 7.27592441877807e-05], "accuracy": 80.0, "precision": 86.49, "recall": 91.43, "f1_score": 88.89, "f2_score": 90.4}