{"train_losses": [0.05504767935364002, 0.006840572661596788, 0.004057049444955156, 0.0031904910937939064, 0.002908264869173248, 0.002580595160385661, 0.002321295460394348, 0.0020924905157950987, 0.001931889732480498, 0.0018296376364417824, 0.0016214593134102333, 0.0014573630150295346, 0.001333346719718931, 0.0012988533906032702, 0.0012291343711563442, 0.0011818387481125903, 0.0011542395267815117, 0.0011248064362051257, 0.0010899043804685395, 0.0010468462524172591, 0.0010246440475099687, 0.0009531926621783929, 0.0009311942047024348, 0.0008924860859300986, 0.0008774818998413631, 0.0008470704313367605, 0.0009086911349153393, 0.0007938518472217831, 0.0007895556923720133, 0.0007697734681620116, 0.0007594407705803323, 0.0007341556185127112, 0.0007146713564436074, 0.000722015047367348, 0.0006938781851554761, 0.0006882028873022422, 0.0006601228199181068, 0.0006585717521725694, 0.000641289501765137, 0.0006413787271664759, 0.0006214355020391115, 0.0006060074291091009, 0.0005935053212052009, 0.000576632049394749, 0.0005889578423664782, 0.0005594845736365631, 0.0005542769685881325, 0.0005427389132863202, 0.0005247781245340874, 0.0005328694533091038], "test_losses": [0.012672357055215308, 0.005143627152742388, 0.004954036826697679, 0.00336376974099459, 0.0029750436392182913, 0.003323443110835237, 0.0024038987959591816, 0.0022132064701649, 0.002569076734989022, 0.0017156837644646517, 0.0015700626905667237, 0.0013766979279283148, 0.0018361525345916073, 0.001513441549972273, 0.0012291273658495182, 0.0021268904775542277, 0.0011952828499488533, 0.0012579694157466292, 0.0011919495871272655, 0.0012902038937542015, 0.0010429186480066094, 0.0009476270469559284, 0.000993785174124731, 0.0010057102778004124, 0.0008536052846466191, 0.001640612707258417, 0.0008518223185092211, 0.0008055862708715722, 0.001206819071040417, 0.0008020371331860168, 0.0009261795376705078, 0.0007444974533147895, 0.0008742071860559428, 0.0007185570816196, 0.0007590562795835118, 0.0007124677974318799, 0.0007722404283972887, 0.0007304670809669635, 0.0006586443968654538, 0.0007092547888392941, 0.0007514253806081028, 0.0009092028424045286, 0.0007252806793146122, 0.0009443081144127063, 0.0007584344863202064, 0.0006983157548417624, 0.000574114361370448, 0.0005866440366774511, 0.0006339229540362095, 0.0007042919891178966], "accuracy": 59.02, "precision": 60.0, "recall": 85.71, "f1_score": 70.59, "f2_score": 78.95}