{"train_losses": [0.0027794607239333274, 0.000450000381027201, 0.0002728560731283542, 0.00023247277392870216, 0.00020063260658216792, 0.00019717815959228562, 0.00017684569504610085, 0.00017603203069265413, 0.00015888662062335946, 0.00015127555556480014, 0.00014391299585360132, 0.00014221160001651225, 0.00012967859767073445, 0.00012692746464910924, 0.00012064122710157042, 0.00012045478082585805, 0.00011338525651992797, 0.00011380748609657462, 0.00010608454874583706, 0.00010558326463483988, 0.0001006040007453095, 9.742400211680317e-05, 9.700556860986546e-05, 9.143043515203178e-05, 8.912605684185386e-05, 8.836281578416813e-05, 8.396723581116228e-05, 8.279836034673764e-05, 8.246235672772798e-05, 7.963230782364388e-05, 7.583262887134038e-05, 7.471080269031609e-05, 7.433970686294362e-05, 7.217194139183781e-05, 7.005902659065087e-05, 6.884165539511603e-05, 6.975425007504219e-05, 6.657479998696695e-05, 6.603440587114855e-05, 6.44113976727855e-05, 6.394899639440442e-05, 6.418103716493499e-05, 6.116932700369713e-05, 6.171776806384722e-05, 6.13255448875355e-05, 5.988927822831032e-05, 5.867306328259992e-05, 5.8939864186557525e-05, 5.8867900734876e-05, 5.6788884769877215e-05], "test_losses": [0.0005830898011527672, 0.0003388257283876544, 0.0002376080350287235, 0.00019505770080884964, 0.00018661133827099316, 0.00019850556381692213, 0.00018054636276719054, 0.0001600738478488513, 0.00015202758225348566, 0.000143930993694591, 0.00014515631906599798, 0.00013469546578148133, 0.00013565004830317913, 0.00014211804784880066, 0.00012781988242508465, 0.00011778714805229897, 0.00012361834386048274, 0.00011544128380902996, 0.00011822146911924127, 0.00010995387114972006, 0.0001062358406912447, 0.00010616616220685029, 0.0001170382146702201, 0.00010011880511205785, 0.0001388943879485655, 0.00010058432350508409, 9.755918815440227e-05, 8.889990507829876e-05, 0.00010712337369781542, 9.874192789849778e-05, 9.557068998346259e-05, 8.77681616922145e-05, 8.464024547351925e-05, 8.118757324166526e-05, 8.388650300580997e-05, 9.186458901010005e-05, 9.708368793038557e-05, 8.609281037565722e-05, 8.282093270431284e-05, 7.785040536332474e-05, 7.691695664337353e-05, 7.716105017008678e-05, 7.445254091698752e-05, 7.631800006585095e-05, 7.645874031851823e-05, 7.993718127527015e-05, 7.463793243212283e-05, 7.245939914240278e-05, 7.192232760068771e-05, 7.711399530883602e-05], "accuracy": 80.0, "precision": 86.49, "recall": 91.43, "f1_score": 88.89, "f2_score": 90.4}