{"train_losses": [0.10858172137632896, 0.0014142330370568114, 0.0008934854179087722, 0.0007207117357537291, 0.000555130734720484, 0.00043577207241400656, 0.00036743047860240177, 0.00032682627750305846, 0.0003071650629314014, 0.0002812452724316222, 0.0002701683079753563, 0.0002646829284772968, 0.00025570830529769473, 0.00023565313221634887, 0.0002485144089536929, 0.00022806703192094024, 0.0002250292433796263, 0.00020989937888628234, 0.0002101198573334658, 0.00021189590531647346, 0.0002051427524387485, 0.0001985564807418195, 0.00019299001302994765, 0.00019375444124467413, 0.0001933580854213533, 0.00018800605216968524, 0.00018760047070667406, 0.00018139196105474171, 0.00018212203887868204, 0.0001922155487528305, 0.00017024764182330137, 0.00017138307166590397, 0.00017728364485339407, 0.00016903326051886656, 0.00017577618706104517, 0.00017572380318643186, 0.0001575487535688499, 0.00017125859160859244, 0.00016556064958490852, 0.00016934798073840661, 0.00015365072617925258, 0.00016094505398478595, 0.0001640293944232406, 0.00016081800693301952, 0.00015686072730210335, 0.00015200214226563234, 0.00016055892042430564, 0.00015390964868147535, 0.0001637719867387845, 0.00015118941990512207], "test_losses": [0.0020750532275997102, 0.0010694186741602608, 0.0009493458332144655, 0.0006378584352205507, 0.0005429811040812638, 0.00041178030878654683, 0.00034549738265923227, 0.00030992488464107735, 0.0002835949806467397, 0.00030037732140044684, 0.00027969843467872123, 0.00024631306405353826, 0.00024386790064454545, 0.00023885228438302875, 0.0003150301068671979, 0.00028599147917702795, 0.00021951841226837133, 0.00024582351834396833, 0.00022508207403006963, 0.00025344461901113393, 0.0001971703281014925, 0.00020133137950324454, 0.0001942250608408358, 0.0001881597392639378, 0.00019104550701740664, 0.000193928848602809, 0.00017659711047599558, 0.00018850051128538325, 0.0002088021305098664, 0.00017878877733892295, 0.00018521351703384425, 0.00018234547787869814, 0.00020434342077351174, 0.00019564857429941185, 0.00018740481609711424, 0.00016894455293368083, 0.00016391795907111373, 0.00018524098595662508, 0.00022760109750379342, 0.00016961666769930162, 0.0002116834351909347, 0.00015397248425870204, 0.0001839783861214528, 0.0001689795532001881, 0.0001628240086574806, 0.0001589850249729352, 0.00016827106810524128, 0.00017943215752893593, 0.00017969524451473263, 0.00015052770504553337], "accuracy": 59.02, "precision": 60.87, "recall": 80.0, "f1_score": 69.14, "f2_score": 75.27}