{"avg_train_loss": [0.06646882762008507, 0.0008122014673567008, 0.0004862551397623412, 0.0003559730296564592, 0.00030835611416339263, 0.0002722799795984579, 0.000256607372077167, 0.00024179200826252037, 0.00022207882613444843, 0.00019779548712984575, 0.00018314029738572557, 0.00017464788473747954, 0.0001688295482198734, 0.00016426687994008755, 0.0001540052750155827, 0.0001503268520529644, 0.00014594245836911088, 0.0001421947345634582, 0.00013889906603359545, 0.00013647588739514323, 0.00013315237802126066, 0.00012931733438464622, 0.00012703920041545703, 0.00012421422161935195, 0.00012261584273377718, 0.00011803266107493704, 0.00011652891923174127, 0.00011465787335535526, 0.00011341060381385041, 0.00011214541240530295, 0.00011014189678323775, 0.00010842400405522769, 0.00010651497695542195, 0.00010372708960909427, 0.00010150718711277782, 0.00010029427977720646, 9.825834405132062e-05, 9.507501178073238e-05, 9.38839351787114e-05, 9.17717115310709e-05, 9.067878111611106e-05, 8.793006028468539e-05, 8.734528054625831e-05, 8.526173010342248e-05, 8.547795986666449e-05, 8.186433621437709e-05, 8.303489198606185e-05, 7.966419448257877e-05, 7.797153174538674e-05, 7.92210835765488e-05], "avg_test_loss": [0.0011098428930824574, 0.0007058909299629681, 0.00041476934254602296, 0.000361450230626267, 0.0002943163889516981, 0.0002902583642142604, 0.00024990003191468975, 0.00026747889671988116, 0.00021438959419566137, 0.00020913303286271493, 0.00020385382152035631, 0.0001826593674288746, 0.00017411303815606516, 0.00016863509380271306, 0.00017238675711548867, 0.0001537592039918915, 0.00016301961405145287, 0.0001444781740550146, 0.000147884931371104, 0.00014912659457294442, 0.00016168055984822926, 0.00014408307376866922, 0.00015849035263762253, 0.00015688528441014336, 0.00012970515031039936, 0.00013112219571317278, 0.00013340330047074717, 0.0001364421157118975, 0.0001436305414105076, 0.00011736644356483921, 0.00014295548848727215, 0.00011685236807888707, 0.00013029209199325682, 0.00012130247276404705, 0.00011055445753672991, 0.00013887271122187554, 0.00011200484664769669, 0.00011181752588293957, 0.00011122335588599807, 0.00010123678662356001, 0.00012432486802283212, 0.00010978208385308673, 0.00010371159462990293, 0.00011185505466598373, 9.954235837283656e-05, 0.00011392075117701331, 0.00012035355603774615, 9.869285897879401e-05, 0.00010336187668331266, 9.550208608580317e-05], "avg_accuracy": 69.94333333333333, "avg_precision": 71.58333333333333, "avg_recall": 79.04666666666667, "avg_f1_score": 75.09666666666666, "avg_f2_score": 77.40666666666665}