{"train_losses": [0.008873651773074125, 0.003519500086241099, 0.0033565766346382807, 0.0032885149766477837, 0.003244130944563861, 0.0032224918872746358, 0.003202412908066468, 0.0031897425135395613, 0.003179770149290562, 0.0031733390987368233, 0.0031689759927341736, 0.003163625243826803, 0.0031602112015327775, 0.0031567922563303305, 0.003153631857495351, 0.003149881535939064, 0.003148880225034004, 0.00315329801762499, 0.0031475961107356723, 0.0031457897309348525, 0.0031439324268644833, 0.003146852351478245, 0.003142165259671319, 0.0031409364423703357, 0.00314095087113779, 0.0031397659152028073, 0.003141089776216681, 0.003137882972270789, 0.0031397516536245864, 0.0031366472009075694, 0.003137816756918847, 0.0031360740661172263, 0.0031372126893151595, 0.003135508398738611, 0.003137084415339562, 0.003134325774476291, 0.003135287471070706, 0.0031362376142158566, 0.0031367369282272566, 0.0031357742054948963, 0.003136915001030787, 0.0031345573158553207, 0.0031339641963412245, 0.003134633559756071, 0.003139034926846444, 0.003134590052404856, 0.003135927626863122, 0.0031354769862380373, 0.0031356642017118545, 0.003134065055209829], "test_losses": [0.0037162047318326165, 0.003408401575423061, 0.0033150383522017645, 0.003267821674503816, 0.003238257038621948, 0.0032173386403323654, 0.0032046345116284033, 0.0031930062687024474, 0.003185873712377193, 0.0031788654137366954, 0.0031737951615538737, 0.003169630072079599, 0.0031679997337050736, 0.0031632954890553197, 0.0031636879251051983, 0.0031600085673674653, 0.0031572104154083016, 0.0031569776967024575, 0.0031546231609984087, 0.00315479801233428, 0.0031518675700331535, 0.003152680140024481, 0.003150934980322535, 0.00314981570521083, 0.003149790776660666, 0.0031486019792142683, 0.003148306360414538, 0.003147528822480056, 0.00314784313713272, 0.003146457951515913, 0.003147106044567548, 0.003146618555407398, 0.003145650541857601, 0.0031461499949308257, 0.0031459981669636015, 0.0031448885655173888, 0.0031444561967733675, 0.003144563451104869, 0.0031464454749276717, 0.0031451005354308737, 0.0031441672248407626, 0.0031437411716279504, 0.003144164162222296, 0.0031439679889724804, 0.003143502222463632, 0.003143202979117632, 0.003143245202059356, 0.0031436788513719174, 0.0031429169780144896, 0.0031425869316220856], "accuracy": 60.66, "precision": 62.22, "recall": 80.0, "f1_score": 70.0, "f2_score": 75.68}