{"train_losses": [0.11242250826007705, 0.0013631161792151067, 0.0010252864848318622, 0.0008066800480075883, 0.0006739345822869888, 0.0005642357939464749, 0.0004601267689206409, 0.0003996317111228083, 0.0003578264190106647, 0.000325102802935648, 0.0003052591741577072, 0.00029470406380429303, 0.00028247128931934356, 0.000277629230499455, 0.00026340968421815586, 0.0002566869331285088, 0.0002525468903656686, 0.0002358645975367172, 0.0002414354831734438, 0.00024231852020529455, 0.00022497713507618755, 0.00021489555658274712, 0.00021221043819154514, 0.00020959103020909683, 0.0002138040184282036, 0.00019869908173173175, 0.0002097655469353996, 0.00019111489267937791, 0.00019508213391996123, 0.00019366472026731513, 0.00018795497952330765, 0.00018722881424261268, 0.00018440288227599162, 0.00018974751647365566, 0.00017697299422795809, 0.00018021044081205842, 0.00018225824837455725, 0.00017853381563235753, 0.00018642615842114573, 0.00017357214711644575, 0.00017303266259036232, 0.00017425937165503255, 0.00017513815824633593, 0.0001704480825577798, 0.00017541976297441166, 0.0001651682896809008, 0.0001738566735762306, 0.00016913274546525786, 0.00016667289136244136, 0.00016350327043152712], "test_losses": [0.001614207078819163, 0.0012833418208174408, 0.0009071792213944718, 0.0007168244177591987, 0.0006059619256120641, 0.0004981444675649982, 0.0004957658296916634, 0.00036376894931891004, 0.0003648411380709149, 0.0003091919010330457, 0.0003096075168286916, 0.00032818825493450274, 0.0002688292748644017, 0.0002923885731433984, 0.0002750837415078422, 0.00026665375444281383, 0.00025756733812158926, 0.0002440160322294105, 0.00026468572068552023, 0.0002838403779605869, 0.00023331500997301192, 0.00021286909650370945, 0.00021889715280849488, 0.00020249230110493954, 0.0002243160535726929, 0.00021921959960309324, 0.00023835503743612206, 0.00021517615823540837, 0.00019709728949237614, 0.00021290047588991002, 0.0002023702923906967, 0.00018394537655694876, 0.00018000615600612945, 0.00018477104895282538, 0.0001768628411809914, 0.00019906112320313695, 0.00017417381022823974, 0.0001763531759934267, 0.00019489806181809398, 0.00018927249802800362, 0.00018583880009828135, 0.00017014310360536912, 0.0001777942350599915, 0.00020830800058320166, 0.00018792949886119458, 0.0001711877866910072, 0.00020580017335305456, 0.0001687120289716404, 0.00016995305268210358, 0.00025258464702346826], "accuracy": 62.3, "precision": 66.67, "recall": 68.57, "f1_score": 67.61, "f2_score": 68.18}