{"avg_train_loss": [0.0031338009609276026, 0.0005512946078190992, 0.0003268123446682274, 0.00023754231273393, 0.00022352788878799262, 0.00020262527025452474, 0.0001896105351367868, 0.0001781996253942865, 0.00016533674317623404, 0.00015605152315197393, 0.00014828711790317877, 0.00013788363638700523, 0.0001330262610076807, 0.00012895597835037724, 0.00012512541126860044, 0.00012261671268700967, 0.00011593215301353297, 0.00011323797615290803, 0.00011126901759218096, 0.00010800989614481698, 0.00010490179833082715, 0.00010260105171394217, 9.924210476512314e-05, 9.702424139245394e-05, 9.601954405217518e-05, 9.389103739873046e-05, 9.030621041460562e-05, 8.779969707191697e-05, 8.588450974022717e-05, 8.407144198144121e-05, 8.351935601050323e-05, 8.103361946283317e-05, 7.983693863481684e-05, 7.78785212769362e-05, 7.665198709547846e-05, 7.430950716071496e-05, 7.2574310919787e-05, 7.128480626186019e-05, 7.06107244615529e-05, 6.95830481627163e-05, 6.871648529852108e-05, 6.641157179915188e-05, 6.538813534984272e-05, 6.473010562696442e-05, 6.381476946791305e-05, 6.176006573078927e-05, 6.118139509968628e-05, 6.075103717657876e-05, 5.999608731517254e-05, 5.908771535502298e-05], "avg_test_loss": [0.0007050176464895814, 0.0005256676090655861, 0.00027413178866435116, 0.0002562722754821432, 0.00022855732771485913, 0.0002047348281895467, 0.00024716992359175585, 0.0001761584792406304, 0.00016560210289567176, 0.00019073724930561954, 0.0001573914218263384, 0.00014188925617931184, 0.00012904191389213502, 0.00015891170045133316, 0.00015458481119332227, 0.00012926134900809327, 0.00013828769806423225, 0.00012630504147054104, 0.00012876342388596805, 0.00011274092046220083, 0.00012012750819569472, 0.00014667612658041224, 0.00011417078880745416, 0.00012715991049798246, 0.00011974769614216012, 0.00010601310940472056, 9.834684496103691e-05, 0.00010046714466555456, 0.0001009759434731304, 0.00011172018704923968, 0.00010101573671141896, 0.00011911894778630737, 0.00010220357701958467, 9.619599672870932e-05, 0.00010006150911906913, 8.743478951472731e-05, 9.249521602983943e-05, 9.820004288485507e-05, 0.00010358041897863866, 0.00010170405725008236, 8.024366366626987e-05, 8.889447995804799e-05, 9.403297677542867e-05, 9.82600096717644e-05, 8.127442217114432e-05, 8.32066657611181e-05, 8.842851573904343e-05, 8.623775869263902e-05, 8.60019210496177e-05, 9.486265606448376e-05], "avg_accuracy": 67.75666666666666, "avg_precision": 68.82000000000001, "avg_recall": 80.95333333333333, "avg_f1_score": 74.27333333333333, "avg_f2_score": 78.10666666666667}