{"train_losses": [0.0035273904783135078, 0.0006691577168972602, 0.000506271686368476, 0.00035130404404375745, 0.0002594408941390666, 0.0002151704780443246, 0.00020175241877139736, 0.00019333612149951597, 0.00017804827049152971, 0.00016982680637563343, 0.0001536818581853477, 0.00015005458587098933, 0.00014320279291693503, 0.00013865617293926203, 0.00013015365499108243, 0.0001242705210566476, 0.00012170888325031174, 0.00012000239975273564, 0.0001175981958036266, 0.0001138279360546506, 0.00011006780505230852, 0.0001071326119379219, 0.00010599884329397366, 0.00010109344495219145, 9.904811690008852e-05, 9.896415336610166e-05, 9.606725508936243e-05, 9.405880153785089e-05, 9.170692413694685e-05, 9.053942126064865e-05, 9.092017066740733e-05, 8.613683459705236e-05, 8.31191269950857e-05, 8.268772266070213e-05, 8.056330183732705e-05, 7.945820417448721e-05, 7.7114440860151e-05, 7.855253420694428e-05, 7.583237933738337e-05, 7.346551428781823e-05, 7.36398238959408e-05, 7.179787574288244e-05, 7.108047296691417e-05, 7.022018833660959e-05, 6.890269894894852e-05, 6.814617618914211e-05, 6.77428284995903e-05, 6.55446964311161e-05, 6.560828339158423e-05, 6.377598465734487e-05], "test_losses": [0.0011546486852099546, 0.0006411369277674777, 0.0004501695296382352, 0.0002926439139208434, 0.00021509256755682424, 0.00021320173996523058, 0.00019004918473141376, 0.00023362237250414462, 0.00021074605893563086, 0.00016807537632792865, 0.00015282277966504736, 0.000172816839459791, 0.00018657595263413477, 0.00014041366214839328, 0.00013033828250067576, 0.00014728967870234136, 0.00013952849852872672, 0.0001542933988765491, 0.00012308746038168186, 0.00012285448778689338, 0.0001510691993014636, 0.00011584568465668081, 0.00011031055985837996, 0.00010503413012394539, 0.00011212275344755304, 0.00012509513726399746, 0.00011408571404340015, 0.00011317711197569643, 9.96589454259195e-05, 0.00013424618765174484, 0.00012541744518575098, 9.633778448075576e-05, 0.00010823335595397602, 0.00010677225579386756, 0.00010402863769671127, 9.568933994439879e-05, 9.161947099738217e-05, 0.00010507059134677268, 9.616828055396372e-05, 9.472214459002807e-05, 0.00010221612921248798, 9.573005935145865e-05, 8.777062206578333e-05, 0.00010040418965218123, 8.517621552947766e-05, 9.050339352912628e-05, 9.162176383352534e-05, 0.00013142638216287686, 8.940615932190737e-05, 0.00011041844481951557], "accuracy": 68.85, "precision": 71.05, "recall": 77.14, "f1_score": 73.97, "f2_score": 75.84}