{"train_losses": [42.253133524420925, 0.0023298024157570167, 0.001758874186871017, 0.0015218108635419955, 0.0013908860288778103, 0.0011933745019585378, 0.0009298302549203592, 0.0008381902249288056, 0.0007828402078964493, 0.0007407066545316152, 0.0007103127094783954, 0.000673428251160091, 0.000652464245772594, 0.0006101362886475762, 0.0005739144179607173, 0.0005409098899312462, 0.0005004201500144388, 0.00043874524130074717, 0.00039245530943289494, 0.0003562024904130777, 0.00034145406347566417, 0.0003254380921512697, 0.00030636075202242604, 0.0002997925107415717, 0.0002967932170057403, 0.0002703392551607126, 0.00026860124073989155, 0.00026019923872761913, 0.0002490487312535187, 0.0002413262210955674, 0.0002391627487384823, 0.00023584327072376845, 0.00023491399203179187, 0.00022429330712910015, 0.0002154498901550791, 0.00021487926363539822, 0.00021692941115727623, 0.00020545746227000635, 0.0002126921975211083, 0.00020167688414297224, 0.00019240432816509205, 0.0001922264393168054, 0.0001943376160592639, 0.00020122134645300156, 0.00019786960173960678, 0.0001824540137116761, 0.00018338192792536763, 0.000181774139160883, 0.00019205406451047483, 0.0001791765871412399], "test_losses": [0.0030312750721350314, 0.002042020024964586, 0.0016386616160161793, 0.0014810219581704587, 0.0013422455172985791, 0.0011288083216641099, 0.0008741280034882948, 0.000809930232935585, 0.0007779122708598152, 0.0007289763801964, 0.000712933563045226, 0.0006991419242694974, 0.0006293544327490963, 0.0006074242453905753, 0.0006130288718850351, 0.0005159989159437828, 0.00045961284340592103, 0.0004372376890387386, 0.000402042553469073, 0.00040221986128017304, 0.00036458762479014696, 0.0003203253378160298, 0.00030334302355186085, 0.0003014792084286455, 0.000278305360552622, 0.0002674187402590178, 0.00030153395928209645, 0.00026686824567150323, 0.00024772341930656694, 0.0002680831261386629, 0.00024010646156966687, 0.000258729983761441, 0.0002516073000151664, 0.0002211527134932112, 0.00021738340947194957, 0.00021556743449764327, 0.00020790889029740356, 0.00021192489366512747, 0.00024402680501225404, 0.0002118297474225983, 0.00019920609920518473, 0.0002380237878242042, 0.0002204668679041788, 0.00020143286528764292, 0.00019198073932784608, 0.0002043520173174329, 0.0001815984614950139, 0.00018491725786589085, 0.00020169314957456662, 0.00018823801656253636], "accuracy": 65.57, "precision": 64.0, "recall": 91.43, "f1_score": 75.29, "f2_score": 84.21}