{"avg_train_loss": [24.574020325737393, 0.003164691242764329, 0.0025331230790785705, 0.0022199849942820026, 0.00197841690599241, 0.0017164445109766186, 0.0015102171500866578, 0.0014275793773343877, 0.0013723604814996097, 0.0013429492765440892, 0.001321114644557399, 0.0012893556073928873, 0.0012796064800969869, 0.0012476973537228662, 0.0012314156901284859, 0.0012132135448922922, 0.001185690642065405, 0.0011551121224092876, 0.00113307755756458, 0.0011065265199560591, 0.0010995183233776457, 0.0010807386180436342, 0.001069486891100933, 0.0010615836362025874, 0.0010546964522172976, 0.001044967537846626, 0.0010406274236491738, 0.0010342729089930815, 0.0010318151380094695, 0.0010188015655854322, 0.0010195564426601666, 0.00102163801961014, 0.001010858516616533, 0.0010136071990951654, 0.0010022454885251868, 0.0010046107304313731, 0.000999630767702391, 0.0010016010548804537, 0.0009957667669730898, 0.0009895667521428173, 0.0009896022201368578, 0.0009863354848144432, 0.000987460760858809, 0.0009825675783817983, 0.0009934328063930388, 0.000973320357792293, 0.0009733953366929956, 0.0009822685315472263, 0.0009709890037689367, 0.000980739793888882], "avg_test_loss": [0.003789601346943528, 0.0028092162858229133, 0.002379722150120263, 0.002205357463875164, 0.0018979483497484275, 0.00165288384402326, 0.0014661050605354832, 0.0014234548997289192, 0.0014121949207037687, 0.0013463372267627468, 0.0013397583563346416, 0.00131357599554273, 0.0012805115465501634, 0.0012717155754216945, 0.0012588878894651619, 0.0012248221042682418, 0.0011903362838590207, 0.0011915400629125845, 0.0011636054904859824, 0.0011475945929608619, 0.0011217350115960776, 0.0010918046847412672, 0.0010826861556173146, 0.0010747458327386994, 0.0010709872646354295, 0.0010674851345053563, 0.001071029695837448, 0.0010660157558352995, 0.001038718403772994, 0.0010656433987605851, 0.001041545679133075, 0.0010384163722240677, 0.0010574043282152465, 0.0010227377950892938, 0.001032002142892452, 0.0010583620363225539, 0.0010310404024494347, 0.0010280906804837288, 0.0010211467890864393, 0.0010217602922542332, 0.0009984255069866775, 0.0010191829455531358, 0.0010176143259741368, 0.0010040599231918653, 0.0010122163529255582, 0.0009940476040355862, 0.0009979331043723505, 0.000994478675420396, 0.0009965347616040768, 0.0010029873742799585], "avg_accuracy": 56.28333333333333, "avg_precision": 58.21, "avg_recall": 84.75999999999999, "avg_f1_score": 69.01666666666667, "avg_f2_score": 77.67}