{"train_losses": [15.964941626837986, 0.004670902397241685, 0.004042318299436918, 0.0035096090831249565, 0.0030711651688998007, 0.002740688785281661, 0.0025506528916877584, 0.0024741403274721914, 0.0024418662250791858, 0.0024339859525056243, 0.0024271443328977406, 0.0024245774294793993, 0.002422827435052627, 0.002420523188790524, 0.002422140623962918, 0.002419652873892095, 0.0024248267910987526, 0.002415523454607404, 0.0024286540959925426, 0.002416543192351116, 0.002423330021163376, 0.002415866715011078, 0.002417803639183184, 0.002414970019191213, 0.0024139269001104617, 0.002417342744876522, 0.0024149134005238483, 0.002411071601166547, 0.002417450952162216, 0.0024095584952889323, 0.0024197969174423774, 0.002419557637087517, 0.002409582386131991, 0.002424098133992452, 0.0024186867174341696, 0.002420372456650842, 0.002413859823718667, 0.002429414640313813, 0.0024211942838117868, 0.0024098518981852317, 0.0024104802158673284, 0.002412554374049333, 0.00241651153796679, 0.002404781446985707, 0.002418077720159834, 0.0024089149090570287, 0.002404635217246394, 0.002410380807765699, 0.002404964468502379, 0.002409234301295954], "test_losses": [0.005107997427694499, 0.004361547098960727, 0.0037951334728859366, 0.0033060794114135204, 0.002912197739351541, 0.002662852592766285, 0.0025347208546008916, 0.002488916873699054, 0.0024819017737172542, 0.0024734303820878266, 0.002473047049716115, 0.002459034009370953, 0.0024678458401467653, 0.002471237420104444, 0.002459925226867199, 0.002465721842600033, 0.002461952017620206, 0.002484109572833404, 0.0024540657235775144, 0.002476810198277235, 0.002449057623744011, 0.0024568571825511754, 0.002449262060690671, 0.0024502822547219695, 0.0024652857740875334, 0.002480438142083585, 0.0024501437845174225, 0.0024641790136229248, 0.00245093940757215, 0.002444535557879135, 0.0024533455667551606, 0.0024572873837314544, 0.0024453719204757364, 0.0024577658390626312, 0.0024621444463264197, 0.0024618247000034897, 0.0024652469321154056, 0.002476758079137653, 0.0024577533069532363, 0.0024513924843631687, 0.002441124082542956, 0.002462060283869505, 0.0024415699939709158, 0.0024571333487983793, 0.0024639946816023437, 0.0024386162927839904, 0.0024408743367530404, 0.0024394382431637495, 0.0024511312367394567, 0.0024716983607504517], "accuracy": 55.74, "precision": 57.69, "recall": 85.71, "f1_score": 68.97, "f2_score": 78.12}