{"train_losses": [0.004553491886598563, 0.0006292646400159203, 0.0003648460508500933, 0.00025564530953422685, 0.00021518417055499796, 0.00020195686195960202, 0.0001789458583253548, 0.0001731440189107972, 0.00015840036140583703, 0.00014017162197942746, 0.00013729614943423007, 0.00012657922359130133, 0.00012005190384302131, 0.0001141235420651487, 0.00010877638523668858, 0.00011215167174800243, 0.00010332514402871749, 0.00010037233557549294, 9.748441064085093e-05, 9.157114229354368e-05, 9.343264120769777e-05, 8.678953265013869e-05, 8.684306236121422e-05, 8.283287032713542e-05, 8.136168781861506e-05, 8.034879002995026e-05, 7.811948742594076e-05, 7.602269609608823e-05, 7.637764151202493e-05, 7.083543318748777e-05, 7.100109581966009e-05, 6.937858859337979e-05, 6.715514672063123e-05, 6.581203236577034e-05, 6.668114614271817e-05, 6.443485089034931e-05, 6.355503266319598e-05, 6.381709701753312e-05, 5.960392664714032e-05, 5.9686081448194e-05, 6.0050799369360374e-05, 5.809782869399929e-05, 5.70353039477935e-05, 5.6189128968455124e-05, 5.711262785487371e-05, 5.731721043464705e-05, 5.505543692368475e-05, 5.1237484079039465e-05, 5.199028382776305e-05, 5.0820327928101826e-05], "test_losses": [0.0007738624078158934, 0.0004855526962133948, 0.0003747505420156253, 0.0003457423576597088, 0.0002590147807775513, 0.00022425969305354205, 0.0001998819081144085, 0.00027814373788714875, 0.00016678999012443595, 0.0002594195200519887, 0.0001555079680446607, 0.0001562875412883631, 0.00011545147488225036, 0.00014871442810824822, 0.0002712343563101828, 0.00012687747808880746, 0.00010300752259914028, 0.00015698931453628646, 0.00012528844910355893, 0.0001173283414503273, 0.00010333299430315562, 9.072964817628068e-05, 0.00010977731667830645, 8.411997630621324e-05, 0.00011375161508252719, 0.00015651727657174118, 7.969453760709327e-05, 9.448135971559587e-05, 9.905548617657936e-05, 7.736232440108254e-05, 8.497442363127797e-05, 7.82145268833399e-05, 0.00010519129969347538, 9.181575975302482e-05, 7.434480095560922e-05, 7.371081430672068e-05, 7.5928001479042e-05, 6.937695626710102e-05, 7.106767854845832e-05, 9.127943072738932e-05, 7.474060290545682e-05, 7.713181080012313e-05, 8.467825927464919e-05, 7.94832913715464e-05, 9.247185747741381e-05, 8.826393716914866e-05, 7.892515825985286e-05, 6.759789326119622e-05, 7.467995454555002e-05, 7.771036094849338e-05], "accuracy": 44.26, "precision": 51.22, "recall": 60.0, "f1_score": 55.26, "f2_score": 58.01}