{"train_losses": [0.0024820237203798516, 0.00040406503014025244, 0.00021923144890769687, 0.0001783080304010648, 0.00016234229905783278, 0.00014515746818260706, 0.00013943626769784704, 0.000131396828843449, 0.0001241197222941948, 0.00011851020518154557, 0.00010286725074661537, 9.99607456285585e-05, 9.469657421746033e-05, 8.906687093346032e-05, 8.694449520644631e-05, 8.44000381012924e-05, 8.132653335440365e-05, 7.871262576986464e-05, 7.581265327830642e-05, 7.611103168287573e-05, 7.208486600268453e-05, 7.188494029000446e-05, 6.764755114079846e-05, 6.680659786201957e-05, 6.697974578023002e-05, 6.459505765885396e-05, 6.149456827867641e-05, 6.206850933278518e-05, 6.240562191134857e-05, 5.9844527329761446e-05, 5.8839788633407124e-05, 5.849247094571972e-05, 5.568950405450964e-05, 5.762306709475086e-05, 5.426565201845054e-05, 5.454538821864099e-05, 5.204066682742987e-05, 5.235504185435845e-05, 4.8745672822669034e-05, 5.163662425762727e-05, 4.637990783653166e-05, 4.768145139327733e-05, 4.707390083251128e-05, 4.578707669581096e-05, 4.721214980411579e-05, 4.4522258877005226e-05, 4.2354975518818206e-05, 4.471382716178322e-05, 4.315675746127739e-05, 4.1804448053618074e-05], "test_losses": [0.0006071328434000651, 0.0002561836775454979, 0.00023696899216492267, 0.0001716322594102866, 0.0002016119103175767, 0.00016028391473810188, 0.0001497939618695035, 0.00015479894164645186, 0.00012058008640171745, 0.00017535893353991784, 0.00010957080905007807, 0.00013340815089927323, 0.00010261288424282192, 0.0001034902208910073, 0.00013129736516230667, 0.0001035323760403956, 0.00010191885072484953, 8.679340876719485e-05, 0.00011960916890529916, 9.11104825718212e-05, 8.408019150990115e-05, 7.566862055122889e-05, 8.035316162791927e-05, 0.00011251680364064389, 7.306941706002153e-05, 7.287983054573907e-05, 7.072842219293726e-05, 6.994994268657487e-05, 6.525313277122153e-05, 9.773231858371918e-05, 6.589100163322515e-05, 6.698867089373659e-05, 8.565076831683445e-05, 5.830253716200017e-05, 6.918589916984693e-05, 6.782146290508815e-05, 6.314022063564222e-05, 6.792764130435759e-05, 6.561929880123129e-05, 5.9458848926834224e-05, 6.347063033619913e-05, 7.476215481661851e-05, 5.446307036786143e-05, 5.7930501183224034e-05, 6.429004843784451e-05, 5.2440566133345084e-05, 6.978099068314455e-05, 7.383113443910798e-05, 5.964616233401242e-05, 6.811219673881379e-05], "accuracy": 68.85, "precision": 68.18, "recall": 85.71, "f1_score": 75.95, "f2_score": 81.52}