{"train_losses": [15.50398582595328, 0.002493368915294285, 0.0017981767509277764, 0.0016285350361790556, 0.00147319952019962, 0.0012152702456896568, 0.0010501683036518562, 0.0009704075796021657, 0.0008923750115231937, 0.0008541552225950282, 0.0008258868912960608, 0.0007700611415391715, 0.0007635277594657397, 0.0007124325837304985, 0.0006981920284618225, 0.0006790778708535355, 0.0006318249850830233, 0.0006110676713197117, 0.0005781232672683024, 0.0005468338771039838, 0.0005337708854938966, 0.0005009110469685553, 0.00048429628209718925, 0.0004699883786749772, 0.0004533692395356907, 0.00044722061350264334, 0.00043836762968378217, 0.0004315478870850782, 0.00042894573061267373, 0.0004055199803717967, 0.00039970966179964025, 0.0004095131510191343, 0.0003880791716858164, 0.00039243015616394385, 0.00037259985798631203, 0.00037858047100787907, 0.00036810306823123007, 0.00036993106205754177, 0.00035341381958637437, 0.0003571714741002478, 0.0003659221163781529, 0.00035422564107719085, 0.00035153312855037294, 0.0003416999417066864, 0.0003643510972796758, 0.0003285921506081744, 0.00033216886490722514, 0.0003546506477150969, 0.0003159484782939559, 0.0003538084932294517], "test_losses": [0.0032295315410010516, 0.0020240817335434257, 0.001705371361458674, 0.0018289710220415144, 0.001439401792595163, 0.001166990617639385, 0.000989466323517263, 0.000971517592552118, 0.0009767707175342365, 0.0008366049180040136, 0.0008332944562425837, 0.0007825520529877395, 0.0007443343667546288, 0.0007364850607700646, 0.0007037095696432516, 0.0006927455542609096, 0.0006494439905509353, 0.0006532729268656113, 0.0006347081944113597, 0.0005637537193251774, 0.0005515597862540744, 0.0004982315338565968, 0.0004954533826094121, 0.0004724760350654833, 0.0004693706592661329, 0.000454598521173466, 0.00046141134371282535, 0.00046700000821147113, 0.0004174923844402656, 0.0004843115122639574, 0.0004311850090743974, 0.00039923174917930735, 0.00047523376415483656, 0.00038929483271203934, 0.0004164785728789866, 0.0004976939744665287, 0.0004199653849354945, 0.0003955890686484054, 0.0003616602552938275, 0.00040205864497693254, 0.0003549463392118923, 0.00035746476496569814, 0.0003908061160473153, 0.00035361355548957363, 0.00038067363784648477, 0.00033917450200533495, 0.00037132651486899705, 0.00035908052523154766, 0.0003367798984982073, 0.0003490257455268875], "accuracy": 47.54, "precision": 52.94, "recall": 77.14, "f1_score": 62.79, "f2_score": 70.68}