{"train_losses": [0.0030993149791552414, 0.0006083232070016527, 0.00032812719291541725, 0.0002724121063750582, 0.0002283692813105955, 0.00020276756126056365, 0.00019040014487035466, 0.00018448691931737386, 0.00017824872471073486, 0.00017536389320492714, 0.00016242090358774259, 0.0001591808720000193, 0.00014742856406491791, 0.00014438693589126378, 0.0001371203100265857, 0.00013480055772158232, 0.00012949289187337302, 0.00012832902614753016, 0.00012260666030267168, 0.00011632007317530224, 0.00011453686507777576, 0.00011097376562569871, 0.00010894439878075567, 0.00010675275393911266, 0.00010309973013251312, 0.00010016436613401725, 9.979104332252305e-05, 9.518218425161845e-05, 9.249219812450582e-05, 9.200316617352655e-05, 8.988813389598502e-05, 8.856470098572009e-05, 8.716802023880956e-05, 8.299133164828047e-05, 8.33376374131045e-05, 8.262372943182194e-05, 7.910315581641412e-05, 7.953347259692375e-05, 7.943961618020924e-05, 7.577579721834775e-05, 7.593608818210726e-05, 7.516275665486457e-05, 7.317938029182533e-05, 7.400684677997583e-05, 7.171138573148364e-05, 6.934240600112619e-05, 6.903546633295747e-05, 6.935661149673021e-05, 6.782562457926901e-05, 6.708027876236054e-05], "test_losses": [0.001106002903322371, 0.0004285626333351306, 0.00033677154116751036, 0.00023131076380230274, 0.00023390108263016902, 0.00018913014235617475, 0.000245941575370505, 0.0001752929968495641, 0.00018091634834329658, 0.0001671789337890488, 0.00015882348650594867, 0.00015423911237938894, 0.0001647438727985313, 0.00014543429661219455, 0.00015531972604560594, 0.00013870999013122372, 0.00012588196270509706, 0.00012535722013540812, 0.00013081756558768818, 0.00014193951067716603, 0.00012015268141941663, 0.0001172213893438265, 0.00012141167066653872, 0.00011428768524223691, 0.00011133919842099135, 0.00012698062723929865, 0.00010766653751857178, 0.0001037808281499922, 0.00010847159957180177, 9.684421769910657e-05, 0.00010616097905410783, 0.00010209746370158347, 0.0001167434005581043, 0.00010881204277982852, 9.60944600615509e-05, 9.795798205577509e-05, 9.392515512675495e-05, 9.723346333367208e-05, 9.165413746215356e-05, 9.099426299858178e-05, 9.01892449695004e-05, 9.925398207306449e-05, 0.00010030680664673542, 8.971891076749049e-05, 9.39898994066782e-05, 0.00010654271916999139, 8.988664120795275e-05, 8.875907274792737e-05, 8.953272237382015e-05, 8.389549166858609e-05], "accuracy": 80.0, "precision": 86.49, "recall": 91.43, "f1_score": 88.89, "f2_score": 90.4}