{"train_losses": [0.003827784307923796, 0.000532718037159732, 0.0003282888125170987, 0.000234553478735342, 0.00021866188652488032, 0.00020048975788831082, 0.00019386089515608613, 0.00017973500523430083, 0.0001738701057262685, 0.00016001079958044442, 0.00014901111433310546, 0.00013804597112473594, 0.00013177291302891246, 0.0001303854186287015, 0.00012318264291178525, 0.00012086441316810178, 0.00011828632810341015, 0.00011479162676989225, 0.00011072216488151666, 0.00010973298685493352, 0.00010628504838152081, 0.00010434928602968197, 0.00010282057032398655, 9.96848512391829e-05, 9.811006187312642e-05, 9.395469824085012e-05, 9.424253984029035e-05, 9.290159603507897e-05, 8.864753819295172e-05, 9.141490189498852e-05, 8.654088851033587e-05, 9.035232130799958e-05, 8.363660119182195e-05, 8.297575290030127e-05, 8.024687916306913e-05, 7.93823556650531e-05, 8.033517086618938e-05, 7.428956245765068e-05, 7.497679161823759e-05, 7.199726501586342e-05, 7.254366545709332e-05, 6.915575469470953e-05, 6.914484287094582e-05, 6.860969239265198e-05, 6.651973491394332e-05, 6.687837222090317e-05, 6.38078913181678e-05, 6.530109845720378e-05, 6.0606121186570946e-05, 6.366158634492937e-05], "test_losses": [0.0007613570095810036, 0.00041347486022949364, 0.00030069362457232695, 0.00022521045432837965, 0.0002258280374707493, 0.00019610680465120822, 0.0001956408212628538, 0.00020947812341686446, 0.00018353565372728134, 0.00016045197550668562, 0.00013585474922505315, 0.00012796618900140928, 0.00012896854730990107, 0.00012811436660670623, 0.00012356772934323928, 0.00012717705151142302, 0.00013688234307315166, 0.00011265234955387244, 0.00011932141366672183, 0.00012414387100971697, 0.00013953214819104268, 0.00011028895921929058, 0.00012644699444745827, 0.00013178048755854924, 0.00011583938731536573, 0.00011133560383314034, 0.00012936632755064729, 0.00011111963683036335, 0.0001132985629598037, 0.00010066954956318323, 9.805105771822407e-05, 9.29496953596334e-05, 0.0001071242832739909, 0.00010470042210587193, 8.703301913416138e-05, 0.000176897580716356, 9.428372343861086e-05, 9.266546350353074e-05, 8.395535328767997e-05, 8.649970445381208e-05, 0.00010266663370062955, 0.00011588210201387902, 0.00010503420001511516, 0.0001046993836728059, 8.273859447609329e-05, 8.545391147680885e-05, 0.00016063952828587318, 8.830536472277554e-05, 0.00010174076382659572, 8.653217523365478e-05], "accuracy": 68.85, "precision": 71.05, "recall": 77.14, "f1_score": 73.97, "f2_score": 75.84}