{"train_losses": [0.008583005318552795, 0.0035928641866713046, 0.0033892123999231193, 0.0033126514320856474, 0.0032675605811492863, 0.003243558907163251, 0.003222625836707562, 0.0032046555159950113, 0.003199291040739381, 0.0031868987150086335, 0.003176473404269621, 0.003170441840045962, 0.0031666424720132925, 0.003162412213565535, 0.0031591160727821917, 0.0031569987995527593, 0.003154968313244452, 0.0031526185134537967, 0.0031481965719890523, 0.003148675079917513, 0.0031447044349309193, 0.003146715925624931, 0.003143538657508521, 0.0031481892863535377, 0.003143463727558054, 0.003140165237148842, 0.003141849218160812, 0.00314116898071335, 0.003139586360137685, 0.003138300864564547, 0.0031391399469316364, 0.0031400151561990558, 0.0031383964743644716, 0.003137807938528348, 0.0031367691166429633, 0.003136937150799007, 0.0031353315849036697, 0.0031358750744621797, 0.003137782843873264, 0.003135655875912452, 0.003142245812341571, 0.0031373258523014654, 0.0031364364510244993, 0.0031341288687593964, 0.0031362429547336806, 0.003136660237179463, 0.0031354118295642266, 0.003133473057771124, 0.0031354548521788724, 0.0031376096290951392], "test_losses": [0.003825650091480034, 0.003454940391328329, 0.0033453200482584248, 0.003291898624201377, 0.0032590498314955486, 0.0032359360663506845, 0.0032185573766652783, 0.003205966455145524, 0.003196558628517848, 0.003187896822615025, 0.003181886684615165, 0.003177269196245246, 0.003172425271119349, 0.0031691398493981417, 0.0031660871060851673, 0.0031636411753984597, 0.003161149489012762, 0.0031593590840482367, 0.003157413264629073, 0.0031560392504056487, 0.003155482073242848, 0.0031536459327281383, 0.003154641966550396, 0.0031516201203115857, 0.003151121076930744, 0.0031502087076660246, 0.0031498094143059393, 0.0031492953264835076, 0.003148729149520827, 0.0031498090874475357, 0.003147877654275642, 0.00314714459147161, 0.003147235193934578, 0.0031470442392254393, 0.0031463214746998767, 0.003145852650050074, 0.0031455039637736403, 0.0031451851402660115, 0.00314500252268492, 0.0031449565475878236, 0.0031444427888625516, 0.003144865714532968, 0.00314465778781316, 0.0031443288809476565, 0.003144228638400539, 0.0031436722067435486, 0.003143782431904513, 0.003143293971124177, 0.0031431992918861886, 0.003143246558745607], "accuracy": 59.02, "precision": 62.5, "recall": 71.43, "f1_score": 66.67, "f2_score": 69.44}