{"avg_train_loss": [0.10743354364597009, 0.0014085684883685496, 0.0009500728229420021, 0.0007567826082024027, 0.0006117142059774854, 0.0004922161184459246, 0.00040758752341692645, 0.0003598992010764973, 0.0003288149781756013, 0.00030043960564312934, 0.0002836325421914228, 0.0002766459478861975, 0.00026545405203737206, 0.0002542245350641431, 0.000251409918630195, 0.00024295874663376774, 0.00023537651803251744, 0.00022566565610805187, 0.00022442294091285954, 0.00022641057261452274, 0.0002133094638708561, 0.00020679258125803904, 0.00020684718388787804, 0.00019820015107484563, 0.0002036484786815965, 0.00019358667968826047, 0.00019720602286120472, 0.0001882631220941215, 0.00018756010683606801, 0.00019196830872339888, 0.0001809256311267589, 0.0001821180444237126, 0.0001781194456667489, 0.00017578446880921105, 0.00017649287950253383, 0.00017391806411014117, 0.00017092497743552928, 0.0001715792448605719, 0.00017436607660890695, 0.00016665008158615324, 0.0001646324545738094, 0.00016422123462498674, 0.00016703516948322395, 0.00016359473094239196, 0.0001634094811871255, 0.00015597217552148126, 0.00016286958083320036, 0.0001586705678372265, 0.0001618389806388516, 0.00015528560336325336], "avg_test_loss": [0.001841807918390259, 0.0011899670881878894, 0.0008814496405345077, 0.000704573003652816, 0.0005612358278691924, 0.00044082661673504244, 0.00040055940917227417, 0.00034066634640718494, 0.00031944986318800753, 0.00032125915240612815, 0.0002946966838256534, 0.0003001962428243132, 0.00025552873291114034, 0.0002557881011550004, 0.0002764856682915706, 0.00026235825716867115, 0.000246604512722115, 0.00024520801913846904, 0.00023326135245345844, 0.0002510907583200606, 0.0002160372214954502, 0.00023163964906416367, 0.00020334392562896633, 0.0001953890186996432, 0.00020214853526946775, 0.00021410833736202524, 0.0002047256165193782, 0.00020076879009138794, 0.00020396176235711513, 0.00019497433192251873, 0.00018956880776386243, 0.0001836331916517035, 0.00018958948130602945, 0.0001904102840247409, 0.00018280430813319982, 0.00017826424118538853, 0.0001764362447526461, 0.0001753292547315747, 0.00019976890204513134, 0.00017627508641453461, 0.0001993541535436331, 0.0001627607422657699, 0.00018330701277591288, 0.00017795744352042676, 0.0001741675325320102, 0.00016221704475659254, 0.0001771244179205193, 0.000176680642834981, 0.0001702384998983083, 0.00018562658066609096], "avg_accuracy": 61.20666666666667, "avg_precision": 66.87333333333333, "avg_recall": 67.61999999999999, "avg_f1_score": 66.35000000000001, "avg_f2_score": 66.89333333333333}