{"train_losses": [0.0035569673660772304, 0.0005472081073795457, 0.00031485955885903215, 0.00024218793319543845, 0.00024326648934834064, 0.00020481286656689348, 0.00018724945215340032, 0.0001820192505754194, 0.00016963179105772155, 0.00016315422551734486, 0.00015817694756951385, 0.00014165739510601095, 0.00013514502497855574, 0.00013032610023587784, 0.00012976252482656996, 0.00012492272548422396, 0.0001187299074028641, 0.00011604374542156325, 0.00011570899365455787, 0.00010635620945607345, 0.00010724568438676961, 0.00010293432508233418, 0.00010041380120533889, 9.867308916613819e-05, 9.684506560050243e-05, 9.546851538015103e-05, 9.145654884520469e-05, 8.773821756189005e-05, 8.645704479296186e-05, 8.556921386927176e-05, 8.463740242920053e-05, 8.22906439362307e-05, 8.075633007368207e-05, 7.801558356907454e-05, 7.7054576595182e-05, 7.645844534307393e-05, 7.332371620051787e-05, 7.291792582296935e-05, 7.22338072043922e-05, 7.248711458432589e-05, 6.855015386266252e-05, 6.621201886972187e-05, 6.664389288031877e-05, 6.505418177876419e-05, 6.635475467893306e-05, 6.35890728276481e-05, 6.136958361449034e-05, 6.278311490629665e-05, 6.0272552139625085e-05, 5.982491520516776e-05], "test_losses": [0.0007851369043167394, 0.00047476841148006945, 0.00031695283653859334, 0.0003351503622140556, 0.00019981320908230444, 0.0002075453815520562, 0.0002972296754775855, 0.0001830492492445046, 0.0001495109415303047, 0.0002699571692713877, 0.00016463143149919162, 0.00015658147598374993, 0.0001251752819371177, 0.00013585020643894005, 0.0001541965164226265, 0.00011558579885436651, 0.00013365287262646374, 0.00011190796403053145, 0.0001318718159382115, 0.00010348327011272956, 0.00012941926154151309, 0.00014388200389266087, 0.00011551225144592955, 0.00013633623481067704, 0.00010424596691266813, 9.901029296508149e-05, 9.636167424804835e-05, 9.364486966380634e-05, 9.525025877967262e-05, 9.204533363607389e-05, 0.00010992816812806547, 0.0001269797219440359, 0.00010288737233237883, 8.59574572062299e-05, 0.00011521884215863583, 8.12724024749164e-05, 9.031296373835245e-05, 9.608874398299331e-05, 0.00012003580706312697, 7.827317718832861e-05, 7.718822213903947e-05, 9.063101207665078e-05, 8.708404262646442e-05, 0.0001234151736403314, 8.267112221241965e-05, 7.49713671421677e-05, 8.400679605704051e-05, 9.397523647819001e-05, 8.965105434281913e-05, 0.00012077258396367633], "accuracy": 68.85, "precision": 69.05, "recall": 82.86, "f1_score": 75.32, "f2_score": 79.67}