{"train_losses": [0.1012964013015043, 0.001448356248833731, 0.0009314465660853721, 0.000742956040845891, 0.0006060773009249835, 0.00047664048897729216, 0.0003952053227277367, 0.0003532396146036251, 0.0003214534525847379, 0.00029497074156211773, 0.00027547014444120486, 0.0002705508513770025, 0.0002581825614950778, 0.0002493912424766254, 0.00024230566271873626, 0.00024412227485185408, 0.0002285534203522575, 0.00023123299190115604, 0.00022171348223166902, 0.0002250172923218002, 0.00020980850409763226, 0.00020692570644955053, 0.00021534110044214125, 0.00019125498177076592, 0.00020378333219523255, 0.00019405490516336436, 0.00019425205094154057, 0.00019228251254824487, 0.0001854761477095608, 0.00019002465715005105, 0.00018457427203366769, 0.00018774224736262113, 0.000172671809870861, 0.0001685726294351109, 0.00017672945721859828, 0.0001658199483319332, 0.00017296793036318073, 0.0001649453273407658, 0.0001711114218206666, 0.00015703011690360735, 0.00016721397495181328, 0.00015745927823514167, 0.00016193795578009536, 0.0001595181033363765, 0.0001579479532848616, 0.00015074609461791064, 0.00015419314849906478, 0.00015296930936494632, 0.00015507206381532897, 0.00015116411975311093], "test_losses": [0.0018361634487519042, 0.001217140769585967, 0.0007878238669945858, 0.0007590361579786986, 0.0005347644539142494, 0.00041255507385358215, 0.0003604150151659269, 0.0003483052052615676, 0.000309913470846368, 0.00035420823478489184, 0.00029478409996954726, 0.00032608740948489865, 0.0002538890232244739, 0.00023612344593857416, 0.00023934315649967174, 0.0002344295378861716, 0.0002627277877763845, 0.00024578450684202834, 0.00021001626264478547, 0.00021598727798846084, 0.0002176263264118461, 0.00028071847118553704, 0.00019690956323756837, 0.00019551501573005224, 0.0001910840452183038, 0.0002291765638801735, 0.0001992247016460169, 0.00019862970075337216, 0.00020598586706910282, 0.00019323374253872317, 0.0001811226138670463, 0.00018460872051946354, 0.00018441886713844725, 0.00019081122882198543, 0.00018414526712149382, 0.0001667870474193478, 0.00019121696495858487, 0.00016439360224467235, 0.00017680754681350663, 0.00016993609351629858, 0.00020054022534168325, 0.00016416663893323858, 0.00018814841714629438, 0.00015658477677789052, 0.0001717490900773555, 0.00015647832260583526, 0.000157302012303262, 0.0001818977420043666, 0.0001610672024980886, 0.0001537673899292713], "accuracy": 62.3, "precision": 73.08, "recall": 54.29, "f1_score": 62.3, "f2_score": 57.23}