{"train_losses": [0.09263378125468057, 0.0014945063667255454, 0.0009066522082010331, 0.0007256424606923615, 0.0005855203409645341, 0.000516925928158217, 0.0004200442385866419, 0.0003971394263673942, 0.0003370994098399415, 0.0003192852167604208, 0.00031493425820924674, 0.0003037934385258867, 0.00029820321580263214, 0.00027401539200236813, 0.00025167344482482964, 0.00023584314333709676, 0.0002280690303312532, 0.00021883432821630754, 0.00021541010428796954, 0.00020377376290237902, 0.00018800501274648623, 0.00018673507085761138, 0.00018081345192340564, 0.00017426287883574355, 0.00016738334188285312, 0.00016488945838997858, 0.00016119943610865909, 0.00015769903686443194, 0.00015390320210446844, 0.00014748722922469158, 0.00014465484887698983, 0.00014284733131003294, 0.00013876421769365855, 0.00013517922915629174, 0.0001342688828336128, 0.00012876744542062381, 0.00012695874001904866, 0.00012346562330612523, 0.00012072104956028921, 0.00011529288643988033, 0.00011272850440923034, 0.00010965532724588263, 0.00010510784983424958, 0.00010555410750108606, 0.00010184418706442937, 9.969324961690014e-05, 9.853718101216077e-05, 9.55493004640411e-05, 9.389892325031459e-05, 9.280702395215807e-05], "test_losses": [0.0019049296948375016, 0.0012281066988583042, 0.0007442773299150263, 0.0006521076192015405, 0.0005638683128208983, 0.00044643504105219497, 0.0004610145747104565, 0.00038833444557871813, 0.0003203944251703134, 0.0003152402513697331, 0.0003348852163681737, 0.0003025559716765132, 0.00027387765957531814, 0.0002647999526168031, 0.0002793743707242575, 0.00023140531708191656, 0.00022785397872028142, 0.00021444398534404633, 0.00021350677799333265, 0.00019356925908072344, 0.00021500189905054867, 0.00018421840567371656, 0.00017277970434832564, 0.00021667259089911027, 0.00016720983187986326, 0.00019040583250484183, 0.0001614544833247709, 0.00016882301898027736, 0.00015577140344893325, 0.00015132316981134289, 0.00015778445751631716, 0.00016496208917476308, 0.00014111571436854008, 0.00014376140162208754, 0.00015370900075163552, 0.0001376079419083286, 0.00014002654855095346, 0.00014754443138740556, 0.0001329781082433006, 0.00011842192027790036, 0.00011716503055900324, 0.0001412881882268128, 0.000109782931136993, 0.00011185128515316586, 0.0001090583978169244, 0.00010878506781167905, 0.00010601013790723232, 0.00011126225779409214, 9.913814261104747e-05, 0.00010190330610810955], "accuracy": 72.5, "precision": 85.29, "recall": 82.86, "f1_score": 84.06, "f2_score": 83.33}