{"train_losses": [360.16746794918936, 144.08482181365233, 94.60379353029182, 86.19676703717334, 75.47751043158841, 60.78693781933153, 55.25712640141866, 50.55026924868664, 46.60188765181116, 43.72532459282014, 40.1940157258367, 38.06160422692816, 36.38450060407799, 34.72871497452977, 33.36916124964335, 32.20973298750728, 31.203997845247567, 30.331285133132017, 29.507611671126032, 28.710760067744427, 27.91865756454238, 27.095923173283957, 26.72851100255208, 26.01600916471826, 25.240608722043326, 24.980953936978995, 24.301490688323973, 23.977807642465613, 23.94258599683463, 23.303683847978892, 22.63189814349255, 22.411010479065308, 22.11778098646417, 21.903938988030674, 21.795144287074905, 21.233629868403973, 21.05718755319894, 20.89561888453472, 20.480335812396312, 20.353342313651577, 20.15461749513465, 19.951573489947492, 19.73547203339726, 19.542143429905536, 19.500271247093934, 19.227222747687833, 19.100904722098843, 19.03129888500076, 18.702271800443352, 18.50347469111523], "test_losses": [186.64940738677979, 108.62775267087497, 89.14024323683519, 94.02115554075975, 65.42838665155264, 73.32577709051279, 69.1304686986483, 54.519337745813225, 62.93977645727304, 45.733697597797104, 39.87795415291419, 41.44985972917997, 38.21200660558847, 35.72436783863948, 32.85366199566768, 33.25760204975422, 33.67000482632564, 32.95743529613201, 32.744951468247635, 30.376277520106388, 28.73401561150184, 27.12972599726457, 27.411515382620003, 26.65076338327848, 27.42868997500493, 27.325266003608704, 25.581910848617554, 30.873243414438686, 26.582301121491653, 24.613613495459923, 28.80095561651083, 23.51983934182387, 24.30390226840973, 25.16673505306244, 25.610944747924805, 22.47570907152616, 23.057220413134647, 24.928402451368477, 22.78760860516475, 21.74341315489549, 23.112688101254978, 24.107119358502903, 23.608086090821487, 23.965535750755897, 21.18159372989948, 23.40994778046241, 25.428511381149292, 20.579650319539585, 19.402896092488216, 21.064397610150852], "accuracy": 54.1, "precision": 60.0, "recall": 60.0, "f1_score": 60.0, "f2_score": 60.0, "train_kl_losses": [4.721077286640564, 22.270681137636483, 20.022323208544627, 18.055074949149624, 17.95862904514175, 19.038015181759754, 18.98323698388525, 19.0427949790495, 19.249190585584525, 19.32744409032615, 19.20679168701172, 19.02252351691924, 18.913033515286735, 18.73090414024261, 18.602168145237197, 18.462932471769403, 18.413374811195464, 18.277767185992506, 18.235227695143365, 18.204566707381282, 18.153439193174062, 18.173665687836795, 18.184826127017836, 18.243926464218692, 18.236985195113952, 18.251744042821677, 18.242242201839584, 18.214815691293005, 18.28253201863852, 18.1668161851814, 18.186001867271333, 18.181540303057936, 18.180018303193243, 18.22828255618911, 18.160341920048356, 18.20347263382142, 18.18502089259136, 18.127550736392838, 18.167942428588866, 18.205861650030297, 18.15590344164745, 18.156983207794557, 18.154592550806253, 18.122811581715045, 18.13636297662574, 18.126324357182146, 18.13540198544422, 18.141290329163333, 18.121699238972493, 18.166544470729598], "test_kl_losses": [21.569221771680393, 21.3470220382397, 18.371847354448757, 16.606095029757572, 18.560530735896183, 19.196435579886803, 19.12965493935805, 18.35886159309974, 18.941102192952084, 19.206176097576435, 18.758995918127205, 18.262637633543747, 17.962319410764255, 17.74990151478694, 18.601248631110558, 17.907314245517437, 18.007760249651394, 18.02754728610699, 17.814867404791023, 17.609866857528687, 18.028732960040752, 18.040119336201595, 17.70112026654757, 17.409987064508293, 17.53357872596154, 17.400021718098568, 17.686287898283737, 17.17804193496704, 18.12217871959393, 17.464531073203453, 18.181438537744377, 17.518107707683857, 18.136554406239437, 17.758954781752365, 18.002395978340736, 18.357887506484985, 17.34235932276799, 18.00992927184472, 18.03047653344961, 17.72773898564852, 17.598347590519833, 17.578782943578865, 17.050359084055973, 17.041719620044415, 17.40162521142226, 17.566237669724686, 17.942628860473633, 17.67223231609051, 18.306857127409714, 18.11448172422556]}