{"train_losses": [359.3116837099374, 164.19977577393314, 102.92493534777537, 83.70690936812436, 65.58136871062129, 57.388057864430436, 51.19764588137707, 46.693978319972395, 43.5936313100608, 41.082558801949745, 39.20421601203551, 36.496074111203114, 34.91187934645687, 34.17879435154329, 32.77386061197304, 31.647409531581832, 30.86103623286787, 30.151503622675516, 28.982399377478174, 28.514591903571624, 28.11938067401748, 27.453202531998414, 26.80349419835102, 26.312852973823087, 25.790330534096224, 25.201733744288067, 24.98125958212887, 24.459778902329596, 24.06575660590666, 23.82342332242483, 23.537392833721206, 22.97381984182151, 22.625022643445487, 22.591254682425994, 22.273849252907628, 21.952514013612127, 21.418899110139133, 21.40304644251444, 21.34502486263413, 20.955406427957925, 20.648485120520533, 20.421968265326626, 20.485809871087593, 20.044979468311173, 19.954428499865244, 19.838748854901418, 19.58758025686425, 19.458617727727773, 19.424081754684448, 19.097663943451572], "test_losses": [221.41778872563287, 139.66546300741342, 90.00989305056058, 74.89646401772133, 60.131863630734955, 55.11819358972403, 50.986281981835, 53.19172802338233, 44.41914785825289, 45.908360958099365, 37.66673663946298, 36.35434022316566, 41.159386781545784, 35.73309117097121, 37.994957777170036, 33.3557846729572, 31.42350831398597, 30.285097213891838, 41.496911379007194, 35.37541935994075, 33.73020555422856, 32.83178010353675, 29.685861844282883, 30.97714853286743, 27.23962306059324, 30.419478526482216, 27.720121291967537, 29.831922384408806, 26.862812803341793, 24.48897149012639, 25.826724731005154, 24.73082764332111, 30.403482547173134, 24.67218041419983, 23.82086291679969, 23.663518832280086, 25.936723250609177, 26.623959926458504, 23.525044147784893, 22.68570255316221, 21.567183998914864, 26.561503465359028, 22.08249866962433, 21.700113324018623, 22.391369801301224, 22.095744939950798, 23.557866646693302, 21.365331906538742, 20.97574362388024, 21.727886309990517], "accuracy": 59.02, "precision": 61.9, "recall": 74.29, "f1_score": 67.53, "f2_score": 71.43, "train_kl_losses": [3.085971272364259, 15.956391056474432, 19.625526887824737, 19.19072608488152, 20.408420121526145, 20.411090496936477, 20.18025940125247, 20.008331174735563, 19.564961830966443, 19.254591493721467, 18.961050130085773, 18.80739923959755, 18.60894540533962, 18.49215512103345, 18.431281942344572, 18.367629448764294, 18.316129394898933, 18.275677922260332, 18.24630878862128, 18.23183571229498, 18.288414557583362, 18.23054406499288, 18.20986689831837, 18.188895618484683, 18.220684019341526, 18.204892818037287, 18.191416090080537, 18.227848898646343, 18.2441854545869, 18.204102775849492, 18.233251401602505, 18.24962520829166, 18.23614672465497, 18.253328911654922, 18.271547512835767, 18.277234139499893, 18.283356618306723, 18.264113074612904, 18.267004233670523, 18.275703269315052, 18.308997188705995, 18.33408380071801, 18.27569831480463, 18.299576113597457, 18.28314931478845, 18.262120639846987, 18.267278606920357, 18.2695683904441, 18.26664413544069, 18.269232600568287], "test_kl_losses": [15.598770554249104, 15.643198370933533, 18.79484431560223, 19.065737650944637, 19.78768168962919, 19.888323765534622, 19.80404565884517, 19.10260844230652, 19.06740298637977, 18.608246436485878, 18.543310165405273, 18.95409021010766, 18.194432698763332, 18.000082437808697, 17.713438584254337, 18.22867829983051, 17.91391530403724, 18.044522780638474, 18.209337179477398, 17.384873940394474, 17.918649453383225, 17.94084171148447, 17.229415049919716, 17.888640862244827, 17.738525207226093, 17.936533286021305, 18.153833095843975, 17.887688673459568, 17.68131213921767, 18.051242791689358, 17.834698787102333, 18.116528657766487, 18.017040564463688, 17.88028988471398, 18.02656278243432, 18.183347720366257, 17.623585737668552, 18.2138841518989, 17.879849433898926, 18.18592328291673, 18.457109194535477, 18.17734069090623, 18.447299608817467, 17.907179263921883, 17.78337759238023, 18.453408516370335, 17.103574074231663, 17.89934255526616, 17.84395511333759, 18.04340932919429]}