{"train_losses": [374.70396032448275, 162.42569248015621, 101.31568347517266, 80.81227397918701, 63.78224712050105, 54.01747540738209, 48.46579074629818, 44.82561812400818, 42.336016154001996, 39.342540501973716, 38.06146111201091, 35.8497053295733, 34.8142899593675, 33.556852175241495, 32.53315352589251, 31.57515530873494, 30.580292655760985, 29.516461621709617, 29.21719707351133, 28.053925429769308, 27.59426151097539, 26.863479663090533, 26.274879238404424, 25.455289898148504, 25.230714290687835, 24.51512607838734, 24.153705557857652, 23.86743933378932, 23.615238976191325, 22.993785662823413, 22.56489110452583, 22.600977998182, 22.01251580399203, 21.83438317718276, 21.3868748676346, 21.18953395464334, 21.12235348023564, 20.754529477314776, 20.48975490087486, 20.413026465852578, 20.148964652095934, 19.990945640242245, 19.89298418228885, 19.733662627691245, 19.383286551395095, 19.19382105735411, 19.238473445248893, 18.91691986394216, 18.686966037462994, 18.646080813350448], "test_losses": [203.64495116013748, 266.8688925229586, 93.64628069217389, 74.80454474229079, 92.85619192857008, 54.25920447936425, 58.85477850987361, 45.130670675864586, 41.02778343053964, 50.72018744395329, 42.69848867563101, 36.94494469349201, 38.901176324257484, 36.227838442875786, 32.9939422424023, 33.991540725414566, 31.1516606257512, 31.63595885496873, 30.989379791113045, 29.79366322664114, 29.11189779868493, 26.565121687375584, 28.8239028270428, 27.13308910223154, 25.473394889097946, 25.42205319954799, 25.63359296321869, 24.946332619740414, 26.12523966569167, 24.151895532241234, 23.312495653445904, 24.355670800575844, 28.868189389889057, 24.895812584803654, 23.50937894674448, 23.128766004855816, 24.801121574181778, 23.673666963210472, 24.37611147073599, 24.50757261422964, 22.994152014072125, 24.72472762144529, 32.404783487319946, 21.794448118943436, 21.122012991171616, 24.00037376697247, 21.434259176254272, 20.94432434668908, 22.427402166219856, 21.105684500474197], "accuracy": 55.74, "precision": 60.53, "recall": 65.71, "f1_score": 63.01, "f2_score": 64.61, "train_kl_losses": [2.33987501000604, 15.883638326805759, 19.747165656951537, 20.05197455164898, 20.995595872258566, 21.18697984994176, 20.835672819758035, 20.435752551526907, 20.290087012785026, 20.024758290670004, 19.735118525861257, 19.476345733274897, 19.18646527485675, 18.944948219391236, 18.796354946458194, 18.691634391876587, 18.600520591276236, 18.55731825771102, 18.598569396604976, 18.60810425540051, 18.649876514113092, 18.68968242966985, 18.71262217602098, 18.812861481632094, 18.812090660003296, 18.875252831700337, 18.878512375613294, 18.87157010917204, 18.882865988490092, 18.861680313478033, 18.89241863388613, 18.843421531585324, 18.8275897244373, 18.83982099969703, 18.84985203111028, 18.870103914191922, 18.814041716793934, 18.810157587442053, 18.79442632284509, 18.779955222807736, 18.739608479695146, 18.75364727341985, 18.755465983195478, 18.71296198511698, 18.69756483514625, 18.697376099552017, 18.69823375380183, 18.694060194635966, 18.632788297354455, 18.624664017091316], "test_kl_losses": [13.053473729353685, 13.871026158332825, 19.19640115591196, 19.70609710766719, 20.310493982755222, 21.321418046951294, 20.83367287195646, 19.814876794815063, 20.08312964439392, 19.7252333347614, 19.702727409509514, 18.85058358999399, 18.9200971860152, 19.051641409213726, 18.211967431581936, 18.577720330311703, 18.462298301550057, 18.413288446573112, 18.113891014685997, 18.395297875771156, 18.540372445033146, 18.942560709439793, 18.698963220302875, 18.316852514560406, 18.430721888175377, 18.371176572946403, 18.91899352807265, 18.830724496107834, 18.829936009186966, 18.293659907120926, 18.507648908174954, 18.591353618181667, 18.150060360248272, 17.936732347194965, 18.432978336627666, 17.90650859245887, 18.190177000485935, 18.246661241237934, 18.624434507810154, 17.854831732236423, 18.639588887874897, 18.27871164908776, 17.776741137871376, 18.890434228456936, 18.84940273945148, 17.715503032390888, 18.55464634528527, 18.08442260668828, 17.925355471097507, 17.885858590786274]}