{"avg_train_loss": [364.7277039945365, 156.90343002258058, 99.61480411774663, 83.5719834614949, 68.28037542090358, 57.39749036371469, 51.64018767636463, 47.35662189755573, 44.177178371957986, 41.38347463224787, 39.153230949961035, 36.80246122256819, 35.37022330330079, 34.15478716710485, 32.892058462502966, 31.810765942608015, 30.88177557795881, 29.999750125839054, 29.235736040705177, 28.426425800361788, 27.877433249845083, 27.13753512279097, 26.602294813102507, 25.928050678896614, 25.420551182275798, 24.89927125321813, 24.478818609436832, 24.10167529286151, 23.87452719297754, 23.373630944409044, 22.91139402724653, 22.66193610635627, 22.251773144633898, 22.109858949213145, 21.818622802539043, 21.458559278886483, 21.199480047857904, 21.017731601454646, 20.771705191968437, 20.573925069154026, 20.31735575591704, 20.121495798505453, 20.038088695591238, 19.77359517530265, 19.612662099451423, 19.419930886647787, 19.308986141403995, 19.13561215889023, 18.937773197530266, 18.74907314930575], "avg_test_loss": [203.90404909085, 171.72070273374902, 90.9321389931899, 81.24072143359062, 72.80548073695256, 60.90105838653369, 59.65717639678564, 50.947245481686714, 49.462235915355194, 47.45408199994992, 40.081059822669395, 38.249714881945884, 39.42418990379724, 35.89509915082882, 34.61418733841334, 33.534975816042, 32.0817245886876, 31.62616378833086, 35.077080879455956, 31.84845336889609, 30.525372988138443, 28.842209262725635, 28.64042668464856, 28.25366700612582, 26.71390264156537, 27.72226590987964, 26.311875034601258, 28.550499472862636, 26.523451196841705, 24.41816017260918, 25.980058666987293, 24.202112595240276, 27.858524735157307, 24.911576017355305, 24.313728870489655, 23.089331302887356, 24.598355079308533, 25.07534311367915, 23.562921407895214, 22.97889610742911, 22.558008038080658, 25.131116815102406, 26.03178941592192, 22.48669906457265, 21.564992174124104, 23.16868882912856, 23.473545734698956, 20.96310219092247, 20.935347294196102, 21.299322806871853], "avg_accuracy": 56.28666666666667, "avg_precision": 60.81, "avg_recall": 66.66666666666667, "avg_f1_score": 63.51333333333333, "avg_f2_score": 65.34666666666668}